Workbook

Sheet 原始全量明细(发行前公告)
A1: 公告网页标题 | B1: 公告发布日期 | C1: 所属省份/计划单列市 | D1: 债券类型 | E1: 再融资子类(一般/专项) | F1: 发行期限 | G1: 批次(标题) | H1: 期数 | I1: 期数范围(合并行) | J1: 发行规模(亿元) | K1: 招投标日期(基准发行日) | L1: 基准日口径 | M1: 起息日 | N1: 上市流通日 | O1: 自然日间隔 | P1: 工作日间隔 | Q1: 发文号 | R1: 债券名称(PDF表格原文) | S1: 文件类型 | T1: 数据来源栏目 | U1: 提取方式(text/ocr/failed) | V1: 公告链接 | W1: 提取备注/警告
A2: 2018年江西省政府专项债券（十二期）信息披露文件 | B2: 43455 | C2: 江西省 | D2: 专项新增债券 | M2: 43462 | S2: announcement | T2: fxqgg | U2: ocr | V2: https://www.celma.org.cn/fxqgg/42599.jhtml | W2: 未能从表格解析分期明细，本行为整篇公告级别的合并记录; 未找到招标日期; 本行来自OCR识别，数值型字段准确性需人工核对
A3: 2018年黑龙江省政府一般债券（十一期）信息披露文件 | B3: 43455 | C3: 黑龙江省 | D3: 一般新增债券 | K3: 43462 | L3: 招标日 | M3: 43467 | O3: 7 | P3: 5 | S3: announcement | T3: fxqgg | U3: ocr | V3: https://www.celma.org.cn/fxqgg/42600.jhtml | W3: 未能从表格解析分期明细，本行为整篇公告级别的合并记录; 本行来自OCR识别，数值型字段准确性需人工核对
A4: 2018年浙江省（温州市、衢州市、台州市、丽水市）棚改专项债券（一期）--2018年浙江省政府专项债券（十二期） | B4: 43455 | C4: 浙江省 | D4: 专项新增债券 | J4: 22 | M4: 43462 | S4: announcement | T4: fxqgg | U4: ocr | V4: https://www.celma.org.cn/fxqgg/39652.jhtml | W4: 未能从表格解析分期明细，本行为整篇公告级别的合并记录; 未找到招标日期; 本行来自OCR识别，数值型字段准确性需人工核对
A5: 2018年江西省政府一般债券（十期）信息披露文件 | B5: 43455 | C5: 江西省 | D5: 一般新增债券 | M5: 43462 | S5: announcement | T5: fxqgg | U5: ocr | V5: https://www.celma.org.cn/fxqgg/44133.jhtml | W5: 未能从表格解析分期明细，本行为整篇公告级别的合并记录; 未找到招标日期; 本行来自OCR识别，数值型字段准确性需人工核对
A6: 2018年浙江省（绍兴市、衢州市）土地储备专项债券（一期）--2018年浙江省政府专项债券（十一期）信息披露文件 | B6: 43455 | C6: 浙江省 | D6: 专项新增债券 | J6: 18.6 | M6: 43462 | S6: announcement | T6: fxqgg | U6: ocr | V6: https://www.celma.org.cn/fxqgg/44061.jhtml | W6: 未能从表格解析分期明细，本行为整篇公告级别的合并记录; 未找到招标日期; 本行来自OCR识别，数值型字段准确性需人工核对
A7: 2018年新疆维吾尔自治区政府专项债券（十八期至十九期）招投标书 | B7: 43458 | C7: 新疆维吾尔自治区 | D7: 专项新增债券 | S7: announcement | T7: fxqgg | U7: text | V7: https://www.celma.org.cn/fxqgg/42595.jhtml | W7: 未能从表格解析分期明细，本行为整篇公告级别的合并记录; 未找到招标日期
A8: 2018年第四批青海省政府一般债券招投标书 | B8: 43458 | C8: 青海省 | D8: 一般新增债券 | G8: 4 | S8: announcement | T8: fxqgg | U8: ocr | V8: https://www.celma.org.cn/fxqgg/42594.jhtml | W8: 未能从表格解析分期明细，本行为整篇公告级别的合并记录; 未找到招标日期; 本行来自OCR识别，数值型字段准确性需人工核对
A9: 2018年第六批天津市政府专项债券信息披露文件 | B9: 43458 | C9: 天津市 | D9: 专项新增债券 | F9: 7Y | G9: 6 | H9: 2 | J9: 5 | K9: 43461 | L9: 招标日 | M9: 43462 | O9: 3 | P9: 3 | Q9: 津财库〔2018〕117 号 | R9: 2018年天津市宁河区生态保护专项债券（二期）‐2018年天津市政府专项债券（三十二期） | S9: announcement | T9: fxqgg | U9: text | V9: https://www.celma.org.cn/fxqgg/38671.jhtml
A10: 2018年第六批天津市政府专项债券信息披露文件 | B10: 43458 | C10: 天津市 | D10: 专项新增债券 | F10: 5Y | G10: 6 | H10: 3 | J10: 3 | K10: 43461 | L10: 招标日 | M10: 43462 | O10: 3 | P10: 3 | Q10: 津财库〔2018〕117 号 | R10: 2018年天津市滨海新区土地储备专项债券（三期）‐2018年天津市政府专项债券（三十四期） | S10: announcement | T10: fxqgg | U10: text | V10: https://www.celma.org.cn/fxqgg/38671.jhtml
A11: 2018年青岛市政府专项债券（十期）信息披露文件 | B11: 43459 | C11: 青岛市 | D11: 专项新增债券 | M11: 43462 | S11: announcement | T11: fxqgg | U11: ocr | V11: https://www.celma.org.cn/fxqgg/41570.jhtml | W11: 未能从表格解析分期明细，本行为整篇公告级别的合并记录; 未找到招标日期; 本行来自OCR识别，数值型字段准确性需人工核对
A12: 2018年山东省政府一般债券（九期）、专项债券（十一期）招投标文件 | B12: 43459 | C12: 山东省 | D12: 专项新增债券 | S12: announcement | T12: fxqgg | U12: ocr | V12: https://www.celma.org.cn/fxqgg/37746.jhtml | W12: 未能从表格解析分期明细，本行为整篇公告级别的合并记录; 未找到招标日期; 本行来自OCR识别，数值型字段准确性需人工核对
A13: 2018年青岛市政府一般债券（四期）信息披露文件 | B13: 43459 | C13: 青岛市 | D13: 一般新增债券 | M13: 43462 | S13: announcement | T13: fxqgg | U13: ocr | V13: https://www.celma.org.cn/fxqgg/37745.jhtml | W13: 未能从表格解析分期明细，本行为整篇公告级别的合并记录; 未找到招标日期; 本行来自OCR识别，数值型字段准确性需人工核对
A14: 2018年广西壮族自治区政府专项债券（十四期）招投标书 | B14: 43461 | C14: 广西壮族自治区 | D14: 专项新增债券 | Q14: 桂财库〔2018〕118 号 | S14: announcement | T14: fxqgg | U14: text | V14: https://www.celma.org.cn/fxqgg/41569.jhtml | W14: 未能从表格解析分期明细，本行为整篇公告级别的合并记录; 未找到招标日期
A15: 江西省地方政府债券招投标书（专项债券（十二期）） | B15: 43461 | C15: 江西省 | D15: 专项新增债券 | S15: announcement | T15: fxqgg | U15: ocr | V15: https://www.celma.org.cn/fxqgg/39648.jhtml | W15: 未能从表格解析分期明细，本行为整篇公告级别的合并记录; 未找到招标日期; 本行来自OCR识别，数值型字段准确性需人工核对
A16: 青岛市地方政府债券招投标书（18青岛13-14） | B16: 43461 | C16: 青岛市 | S16: announcement | T16: fxqgg | U16: ocr | V16: https://www.celma.org.cn/fxqgg/38668.jhtml | W16: 未能从表格解析分期明细，本行为整篇公告级别的合并记录; 标题含多品种或无法识别品种，请查看PDF人工拆分; 未找到招标日期; 本行来自OCR识别，数值型字段准确性需人工核对
A17: 2018年浙江省政府专项债券（十一-十二期）招投标书 | B17: 43461 | C17: 浙江省 | D17: 专项新增债券 | S17: announcement | T17: fxqgg | U17: ocr | V17: https://www.celma.org.cn/fxqgg/41568.jhtml | W17: 未能从表格解析分期明细，本行为整篇公告级别的合并记录; 未找到招标日期; 本行来自OCR识别，数值型字段准确性需人工核对
A18: 2018年广西壮族自治区政府一般债券（八期）招投标书 | B18: 43461 | C18: 广西壮族自治区 | D18: 一般新增债券 | Q18: 桂财库〔2018〕117 号 | S18: announcement | T18: fxqgg | U18: text | V18: https://www.celma.org.cn/fxqgg/39649.jhtml | W18: 未能从表格解析分期明细，本行为整篇公告级别的合并记录; 未找到招标日期
A19: 江西省地方政府债券招投标书（一般债券（十期）） | B19: 43461 | C19: 江西省 | D19: 一般新增债券 | S19: announcement | T19: fxqgg | U19: ocr | V19: https://www.celma.org.cn/fxqgg/38669.jhtml | W19: 未能从表格解析分期明细，本行为整篇公告级别的合并记录; 未找到招标日期; 本行来自OCR识别，数值型字段准确性需人工核对
A20: 2018年第六批天津市政府专项债券招投标书 | B20: 43461 | C20: 天津市 | D20: 专项新增债券 | G20: 6 | Q20: 津财库〔2018〕40 号 | S20: announcement | T20: fxqgg | U20: text | V20: https://www.celma.org.cn/fxqgg/44130.jhtml | W20: 未能从表格解析分期明细，本行为整篇公告级别的合并记录; 未找到招标日期
A21: 黑龙江省地方政府一般债券招投标书（18黑龙江债20） | B21: 43462 | C21: 黑龙江省 | D21: 一般新增债券 | S21: announcement | T21: fxqgg | U21: ocr | V21: https://www.celma.org.cn/fxqgg/44129.jhtml | W21: 未能从表格解析分期明细，本行为整篇公告级别的合并记录; 未找到招标日期; 本行来自OCR识别，数值型字段准确性需人工核对
A22: 黑龙江省地方政府专项债券招投标书（18黑龙江债21） | B22: 43462 | C22: 黑龙江省 | D22: 专项新增债券 | S22: announcement | T22: fxqgg | U22: ocr | V22: https://www.celma.org.cn/fxqgg/44058.jhtml | W22: 未能从表格解析分期明细，本行为整篇公告级别的合并记录; 未找到招标日期; 本行来自OCR识别，数值型字段准确性需人工核对
A23: 2019年新疆维吾尔自治区政府一般债券（一期）信息披露文件 | B23: 43479 | C23: 新疆维吾尔自治区 | D23: 一般新增债券 | K23: 43486 | L23: 招标日 | O23: 7 | P23: 5 | S23: announcement | T23: fxqgg | U23: text | V23: https://www.celma.org.cn/fxqgg/41649.jhtml | W23: 未能从表格解析分期明细，本行为整篇公告级别的合并记录
A24: 2019年河南省洛阳市城市轨道交通1号线专项债券信息披露文件 | B24: 43480 | C24: 河南省 | D24: 专项新增债券 | S24: announcement | T24: fxqgg | U24: text | V24: https://www.celma.org.cn/fxqgg/39647.jhtml | W24: 未能从表格解析分期明细，本行为整篇公告级别的合并记录; 未找到招标日期
A25: 2019年第一批河南省政府区域医疗专项债券信息披露文件 | B25: 43480 | C25: 河南省 | D25: 专项新增债券 | G25: 1 | S25: announcement | T25: fxqgg | U25: text | V25: https://www.celma.org.cn/fxqgg/41564.jhtml | W25: 未能从表格解析分期明细，本行为整篇公告级别的合并记录; 未找到招标日期
A26: 2019年河南省政府一般债券（一期）信息披露文件 | B26: 43480 | C26: 河南省 | D26: 一般新增债券 | M26: 43488 | S26: announcement | T26: fxqgg | U26: text | V26: https://www.celma.org.cn/fxqgg/38664.jhtml | W26: 未能从表格解析分期明细，本行为整篇公告级别的合并记录; 未找到招标日期
A27: 2019年第一批河南省政府土地储备专项债券信息披露文件 | B27: 43480 | C27: 河南省 | D27: 专项新增债券 | G27: 1 | S27: announcement | T27: fxqgg | U27: text | V27: https://www.celma.org.cn/fxqgg/41391.jhtml | W27: 未能从表格解析分期明细，本行为整篇公告级别的合并记录; 未找到招标日期
A28: 2019年第一批河南省政府棚户区改造专项债券信息披露文件 | B28: 43480 | C28: 河南省 | D28: 专项新增债券 | G28: 1 | S28: announcement | T28: fxqgg | U28: text | V28: https://www.celma.org.cn/fxqgg/44041.jhtml | W28: 未能从表格解析分期明细，本行为整篇公告级别的合并记录; 未找到招标日期
A29: 2019年新疆维吾尔自治区（新疆生产建设兵团）专项债券（一期）发行文件 | B29: 43481 | C29: 新疆维吾尔自治区 | D29: 专项新增债券 | J29: 2 | K29: 43488 | L29: 招标日 | M29: 43489 | O29: 7 | P29: 5 | S29: announcement | T29: fxqgg | U29: ocr | V29: https://www.celma.org.cn/fxqgg/43755.jhtml | W29: 未能从表格解析分期明细，本行为整篇公告级别的合并记录; 本行来自OCR识别，数值型字段准确性需人工核对
A30: 2019年新疆维吾尔自治区（新疆生产建设兵团）一般债券（一至二期）发行文件 | B30: 43481 | C30: 新疆维吾尔自治区 | D30: 一般新增债券 | J30: 11.2 | K30: 43488 | L30: 招标日 | M30: 43489 | O30: 7 | P30: 5 | S30: announcement | T30: fxqgg | U30: ocr | V30: https://www.celma.org.cn/fxqgg/40491.jhtml | W30: 未能从表格解析分期明细，本行为整篇公告级别的合并记录; 本行来自OCR识别，数值型字段准确性需人工核对
A31: 2019年新疆维吾尔自治区（新疆生产建设兵团）土地储备专项债券（一期）—2019年新疆维吾尔自治区（新疆生产建设兵团）专项债券（一期）发行文件 | B31: 43481 | C31: 新疆维吾尔自治区 | D31: 专项新增债券 | J31: 10 | K31: 43488 | L31: 招标日 | M31: 43489 | O31: 7 | P31: 5 | S31: announcement | T31: fxqgg | U31: ocr | V31: https://www.celma.org.cn/fxqgg/41388.jhtml | W31: 未能从表格解析分期明细，本行为整篇公告级别的合并记录; 本行来自OCR识别，数值型字段准确性需人工核对
A32: 2019年山东省政府一般债券一期信息披露文件 | B32: 43482 | C32: 山东省 | D32: 一般新增债券 | S32: announcement | T32: fxqgg | U32: ocr | V32: https://www.celma.org.cn/fxqgg/43622.jhtml | W32: 未能从表格解析分期明细，本行为整篇公告级别的合并记录; 未找到招标日期; 本行来自OCR识别，数值型字段准确性需人工核对
A33: 2019年山东省政府专项债券一期-四期信息披露文件 | B33: 43482 | C33: 山东省 | D33: 专项新增债券 | M33: 43490 | S33: announcement | T33: fxqgg | U33: ocr | V33: https://www.celma.org.cn/fxqgg/43692.jhtml | W33: 未能从表格解析分期明细，本行为整篇公告级别的合并记录; 未找到招标日期; 本行来自OCR识别，数值型字段准确性需人工核对
A34: 2019年第一批福建省政府一般债券发行信息披露文件 | B34: 43482 | C34: 福建省 | D34: 一般新增债券 | G34: 1 | M34: 43490 | S34: announcement | T34: fxqgg | U34: ocr | V34: https://www.celma.org.cn/fxqgg/43694.jhtml | W34: 未能从表格解析分期明细，本行为整篇公告级别的合并记录; 未找到招标日期; 本行来自OCR识别，数值型字段准确性需人工核对
A35: 2019年河北省本级收费公路专项债券信息披露文件 | B35: 43483 | C35: 河北省 | D35: 专项新增债券 | J35: 30 | K35: 43490 | L35: 招标日 | M35: 43493 | O35: 7 | P35: 5 | S35: announcement | T35: fxqgg | U35: ocr | V35: https://www.celma.org.cn/fxqgg/41400.jhtml | W35: 未能从表格解析分期明细，本行为整篇公告级别的合并记录; 本行来自OCR识别，数值型字段准确性需人工核对
A36: 2019年第一批天津市政府收费公路专项债券信息披露文件 | B36: 43483 | C36: 天津市 | D36: 专项新增债券 | F36: 15Y | G36: 1 | H36: 1 | J36: 4 | L36: 招标日 | M36: 43493 | Q36: 津财库〔2019〕7 号 | R36: 2019年天津市政府收费公路专项债券（一期）-2019年天津市政府专项债券（二期） | S36: announcement | T36: fxqgg | U36: text | V36: https://www.celma.org.cn/fxqgg/43636.jhtml | W36: 未找到招标日期
A37: 2019年第一批天津市政府城乡发展专项债券信息披露文件 | B37: 43483 | C37: 天津市 | D37: 专项新增债券 | F37: 10Y | G37: 1 | H37: 2 | J37: 10 | L37: 招标日 | M37: 43493 | Q37: 津财库〔2019〕7 号 | R37: 2019年天津市政府生态保护专项债券（二期）-2019年天津市政府专项债券（四期） | S37: announcement | T37: fxqgg | U37: text | V37: https://www.celma.org.cn/fxqgg/37518.jhtml | W37: 未找到招标日期
A38: 2019年第一批天津市政府一般债券信息披露文件 | B38: 43483 | C38: 天津市 | D38: 一般新增债券 | F38: 20Y | G38: 1 | H38: 3 | J38: 14 | L38: 招标日 | M38: 43493 | Q38: 津财库〔2019〕6 号 | R38: 2019年天津市政府一般债券（三期） | S38: announcement | T38: fxqgg | U38: text | V38: https://www.celma.org.cn/fxqgg/43268.jhtml | W38: 未找到招标日期
A39: 2019年第一批天津市政府城乡发展专项债券信息披露文件 | B39: 43483 | C39: 天津市 | D39: 专项新增债券 | F39: 3Y | G39: 1 | H39: 1 | J39: 5 | L39: 招标日 | M39: 43493 | Q39: 津财库〔2019〕7 号 | R39: 2019年天津市政府土地储备专项债券（一期）-2019年天津市政府专项债券（五期） | S39: announcement | T39: fxqgg | U39: text | V39: https://www.celma.org.cn/fxqgg/37518.jhtml | W39: 未找到招标日期
A40: 2019年第一批天津市政府城乡发展专项债券信息披露文件 | B40: 43483 | C40: 天津市 | D40: 专项新增债券 | F40: 5Y | G40: 1 | H40: 1 | J40: 27 | L40: 招标日 | M40: 43493 | Q40: 津财库〔2019〕7 号 | R40: 2019年天津市政府城乡发展专项债券（一期）-2019年天津市政府专项债券（七期） | S40: announcement | T40: fxqgg | U40: text | V40: https://www.celma.org.cn/fxqgg/37518.jhtml | W40: 未找到招标日期
A41: 2019年第一批天津市政府土地储备专项债券信息披露文件 | B41: 43483 | C41: 天津市 | D41: 专项新增债券 | F41: 15Y | G41: 1 | H41: 1 | J41: 4 | L41: 招标日 | M41: 43493 | Q41: 津财库〔2019〕7 号 | R41: 2019年天津市政府收费公路专项债券（一期）-2019年天津市政府专项债券（二期） | S41: announcement | T41: fxqgg | U41: text | V41: https://www.celma.org.cn/fxqgg/40495.jhtml | W41: 未找到招标日期
A42: 2019年第一批天津市政府土地储备专项债券信息披露文件 | B42: 43483 | C42: 天津市 | D42: 专项新增债券 | F42: 10Y | G42: 1 | H42: 2 | J42: 10 | L42: 招标日 | M42: 43493 | Q42: 津财库〔2019〕7 号 | R42: 2019年天津市政府生态保护专项债券（二期）-2019年天津市政府专项债券（四期） | S42: announcement | T42: fxqgg | U42: text | V42: https://www.celma.org.cn/fxqgg/40495.jhtml | W42: 未找到招标日期
A43: 2019年第一批天津市政府土地储备专项债券信息披露文件 | B43: 43483 | C43: 天津市 | D43: 专项新增债券 | F43: 5Y | G43: 1 | H43: 2 | J43: 132 | L43: 招标日 | M43: 43493 | Q43: 津财库〔2019〕7 号 | R43: 2019年天津市政府土地储备专项债券（二期）-2019年天津市政府专项债券（六期） | S43: announcement | T43: fxqgg | U43: text | V43: https://www.celma.org.cn/fxqgg/40495.jhtml | W43: 未找到招标日期
A44: 2019年第一批天津市政府土地储备专项债券信息披露文件 | B44: 43483 | C44: 天津市 | D44: 专项新增债券 | F44: 5Y | G44: 1 | H44: 1 | J44: 27 | L44: 招标日 | M44: 43493 | Q44: 津财库〔2019〕7 号 | R44: 2019年天津市政府城乡发展专项债券（一期）-2019年天津市政府专项债券（七期） | S44: announcement | T44: fxqgg | U44: text | V44: https://www.celma.org.cn/fxqgg/40495.jhtml | W44: 未找到招标日期
A45: 2019年第一批天津市政府城乡发展专项债券信息披露文件 | B45: 43483 | C45: 天津市 | D45: 专项新增债券 | F45: 5Y | G45: 1 | H45: 2 | J45: 132 | L45: 招标日 | M45: 43493 | Q45: 津财库〔2019〕7 号 | R45: 2019年天津市政府土地储备专项债券（二期）-2019年天津市政府专项债券（六期） | S45: announcement | T45: fxqgg | U45: text | V45: https://www.celma.org.cn/fxqgg/37518.jhtml | W45: 未找到招标日期
A46: 2019年第一批天津市政府土地储备专项债券信息披露文件 | B46: 43483 | C46: 天津市 | D46: 专项新增债券 | F46: 3Y | G46: 1 | H46: 1 | J46: 5 | L46: 招标日 | M46: 43493 | Q46: 津财库〔2019〕7 号 | R46: 2019年天津市政府土地储备专项债券（一期）-2019年天津市政府专项债券（五期） | S46: announcement | T46: fxqgg | U46: text | V46: https://www.celma.org.cn/fxqgg/40495.jhtml | W46: 未找到招标日期
A47: 2019年第一批天津市政府城乡发展专项债券信息披露文件 | B47: 43483 | C47: 天津市 | D47: 专项新增债券 | F47: 15Y | G47: 1 | H47: 1 | J47: 4 | L47: 招标日 | M47: 43493 | Q47: 津财库〔2019〕7 号 | R47: 2019年天津市政府收费公路专项债券（一期）-2019年天津市政府专项债券（二期） | S47: announcement | T47: fxqgg | U47: text | V47: https://www.celma.org.cn/fxqgg/37518.jhtml | W47: 未找到招标日期
... A58: 2019年第一批天津市政府收费公路专项债券信息披露文件 | B58: 43483 | C58: 天津市 | D58: 专项新增债券 | F58: 5Y | G58: 1 | H58: 1 | J58: 27 | L58: 招标日 | M58: 43493 | Q58: 津财库〔2019〕7 号 | R58: 2019年天津市政府城乡发展专项债券（一期）-2019年天津市政府专项债券（七期） | S58: announcement | T58: fxqgg | U58: text | V58: https://www.celma.org.cn/fxqgg/43636.jhtml | W58: 未找到招标日期
A59: 2019年云南省土地储备专项债券（一期）—2019年云南省政府专项债券（一期）信息披露文件 | B59: 43486 | C59: 云南省 | D59: 专项新增债券 | J59: 150 | K59: 43493 | L59: 招标日 | M59: 43494 | O59: 7 | P59: 5 | Q59: 云财库〔2019〕8 号 | S59: announcement | T59: fxqgg | U59: text | V59: https://www.celma.org.cn/fxqgg/43761.jhtml | W59: 未能从表格解析分期明细，本行为整篇公告级别的合并记录
A60: 2019年云南省政府一般债券（一至四期）信息披露文件 | B60: 43486 | C60: 云南省 | D60: 一般新增债券 | J60: 255 | K60: 43493 | L60: 招标日 | M60: 43494 | O60: 7 | P60: 5 | Q60: 云财库〔2019〕7 号 | S60: announcement | T60: fxqgg | U60: text | V60: https://www.celma.org.cn/fxqgg/43632.jhtml | W60: 未能从表格解析分期明细，本行为整篇公告级别的合并记录
A61: 2019年云南省棚户区改造专项债券（一期）—2019年云南省政府专项债券（二期）信息披露文件 | B61: 43486 | C61: 云南省 | D61: 专项新增债券 | J61: 41 | K61: 43493 | L61: 招标日 | M61: 43494 | O61: 7 | P61: 5 | Q61: 云财库〔2019〕9 号 | S61: announcement | T61: fxqgg | U61: text | V61: https://www.celma.org.cn/fxqgg/39440.jhtml | W61: 未能从表格解析分期明细，本行为整篇公告级别的合并记录
A62: 2019年贵州省政府一般债券（一期）信息披露文件 | B62: 43486 | C62: 贵州省 | D62: 一般新增债券 | J62: 51 | S62: announcement | T62: fxqgg | U62: ocr | V62: https://www.celma.org.cn/fxqgg/37512.jhtml | W62: 未能从表格解析分期明细，本行为整篇公告级别的合并记录; 未找到招标日期; 本行来自OCR识别，数值型字段准确性需人工核对
A63: 2019年新疆维吾尔自治区政府一般债券（一期）招投标书 | B63: 43486 | C63: 新疆维吾尔自治区 | D63: 一般新增债券 | S63: announcement | T63: fxqgg | U63: text | V63: https://www.celma.org.cn/fxqgg/43633.jhtml | W63: 未能从表格解析分期明细，本行为整篇公告级别的合并记录; 未找到招标日期
A64: 2019年四川省政府第一批土地储备专项债券信息披露 | B64: 43487 | C64: 四川省 | D64: 专项新增债券 | G64: 1 | J64: 52.12 | K64: 43494 | L64: 招标日 | M64: 43495 | O64: 7 | P64: 5 | Q64: 川财库〔2019〕106 号 | S64: announcement | T64: fxqgg | U64: text | V64: https://www.celma.org.cn/fxqgg/43003.jhtml | W64: 未能从表格解析分期明细，本行为整篇公告级别的合并记录
A65: 2019年四川省成都天府空港新城地下综合管廊建设专项债券（一期）-2019年四川省政府专项债券（十三期）信息披露 | B65: 43487 | C65: 四川省 | D65: 专项新增债券 | J65: 8 | K65: 43494 | L65: 招标日 | M65: 43495 | O65: 7 | P65: 5 | Q65: 川财库〔2019〕115 号 | S65: announcement | T65: fxqgg | U65: text | V65: https://www.celma.org.cn/fxqgg/43254.jhtml | W65: 未能从表格解析分期明细，本行为整篇公告级别的合并记录
A66: 2019年河南省政府一般债券（一期）招投标书 | B66: 43487 | C66: 河南省 | D66: 一般新增债券 | S66: announcement | T66: fxqgg | U66: ocr | V66: https://www.celma.org.cn/fxqgg/41394.jhtml | W66: 未能从表格解析分期明细，本行为整篇公告级别的合并记录; 未找到招标日期; 本行来自OCR识别，数值型字段准确性需人工核对
A67: 2019年四川省成都市锦江绿道专项债券（一期）-2019年四川省政府专项债券（十二期）信息披露 | B67: 43487 | C67: 四川省 | D67: 专项新增债券 | J67: 4 | K67: 43494 | L67: 招标日 | M67: 43495 | O67: 7 | P67: 5 | Q67: 川财库〔2019〕114 号 | S67: announcement | T67: fxqgg | U67: text | V67: https://www.celma.org.cn/fxqgg/43754.jhtml | W67: 未能从表格解析分期明细，本行为整篇公告级别的合并记录
A68: 2019年河南省政府专项债券（一至六期）招投标书 | B68: 43487 | C68: 河南省 | D68: 专项新增债券 | S68: announcement | T68: fxqgg | U68: ocr | V68: https://www.celma.org.cn/fxqgg/43263.jhtml | W68: 未能从表格解析分期明细，本行为整篇公告级别的合并记录; 未找到招标日期; 本行来自OCR识别，数值型字段准确性需人工核对
A69: 2019年江西省政府专项债券（一期）信息披露文件 | B69: 43487 | C69: 江西省 | D69: 专项新增债券 | M69: 43495 | S69: announcement | T69: fxqgg | U69: ocr | V69: https://www.celma.org.cn/fxqgg/43757.jhtml | W69: 未能从表格解析分期明细，本行为整篇公告级别的合并记录; 未找到招标日期; 本行来自OCR识别，数值型字段准确性需人工核对
A70: 2019年深圳市政府一般债券（一期）信息披露文件 | B70: 43487 | C70: 深圳市 | D70: 一般新增债券 | J70: 9 | M70: 43496 | S70: announcement | T70: fxqgg | U70: ocr | V70: https://www.celma.org.cn/fxqgg/43260.jhtml | W70: 未能从表格解析分期明细，本行为整篇公告级别的合并记录; 未找到招标日期; 本行来自OCR识别，数值型字段准确性需人工核对
A71: 2019年湖北省政府（武汉市）轨道交通专项债券（一期）--2019年湖北省政府专项债券（一期）信息披露 | B71: 43487 | C71: 湖北省 | D71: 专项新增债券 | K71: 43494 | L71: 招标日 | M71: 43495 | O71: 7 | P71: 5 | S71: announcement | T71: fxqgg | U71: ocr | V71: https://www.celma.org.cn/fxqgg/43758.jhtml | W71: 未能从表格解析分期明细，本行为整篇公告级别的合并记录; 本行来自OCR识别，数值型字段准确性需人工核对
A72: 2019年江西省政府一般债券（一至四期）信息披露文件 | B72: 43487 | C72: 江西省 | D72: 一般新增债券 | S72: announcement | T72: fxqgg | U72: ocr | V72: https://www.celma.org.cn/fxqgg/37510.jhtml | W72: 未能从表格解析分期明细，本行为整篇公告级别的合并记录; 未找到招标日期; 本行来自OCR识别，数值型字段准确性需人工核对
A73: 2019年四川省泸县乡村振兴专项债券（一期）-2019年四川省政府专项债券（十四期）信息披露 | B73: 43487 | C73: 四川省 | D73: 专项新增债券 | J73: 3 | K73: 43494 | L73: 招标日 | M73: 43495 | O73: 7 | P73: 5 | Q73: 川财库〔2019〕116 号 | S73: announcement | T73: fxqgg | U73: text | V73: https://www.celma.org.cn/fxqgg/41386.jhtml | W73: 未能从表格解析分期明细，本行为整篇公告级别的合并记录
A74: 2019年四川省泸县乡村振兴专项债券（一期）-2019年四川省政府专项债券（十四期）信息披露 | B74: 43487 | C74: 四川省 | D74: 专项新增债券 | J74: 3 | K74: 43494 | L74: 招标日 | M74: 43495 | O74: 7 | P74: 5 | Q74: 川财库〔2019〕116 号 | S74: announcement | T74: fxqgg | U74: text | V74: https://www.celma.org.cn/fxqgg/43005.jhtml | W74: 未能从表格解析分期明细，本行为整篇公告级别的合并记录
A75: 2019年四川省绵阳市游仙经济开发区（含科技城游仙军民融合产业园）专项债券（一期）-2019年四川省政府专项债券（十六期）信息披露 | B75: 43487 | C75: 四川省 | D75: 专项新增债券 | J75: 3 | K75: 43494 | L75: 招标日 | M75: 43495 | O75: 7 | P75: 5 | Q75: 川财库〔2019〕118 号 | S75: announcement | T75: fxqgg | U75: text | V75: https://www.celma.org.cn/fxqgg/41385.jhtml | W75: 未能从表格解析分期明细，本行为整篇公告级别的合并记录
A76: 2019年四川省政府第一批土地储备专项债券信息披露 | B76: 43487 | C76: 四川省 | D76: 专项新增债券 | G76: 1 | J76: 52.12 | K76: 43494 | L76: 招标日 | M76: 43495 | O76: 7 | P76: 5 | Q76: 川财库〔2019〕106 号 | S76: announcement | T76: fxqgg | U76: text | V76: https://www.celma.org.cn/fxqgg/43627.jhtml | W76: 未能从表格解析分期明细，本行为整篇公告级别的合并记录
A77: 2019年四川省医疗养老专项债券（一期）-2019年四川省政府专项债券（九期）信息披露 | B77: 43487 | C77: 四川省 | D77: 专项新增债券 | J77: 0.9 | K77: 43494 | L77: 招标日 | M77: 43495 | O77: 7 | P77: 5 | Q77: 川财库〔2019〕111 号 | S77: announcement | T77: fxqgg | U77: text | V77: https://www.celma.org.cn/fxqgg/41393.jhtml | W77: 未能从表格解析分期明细，本行为整篇公告级别的合并记录
A78: 2019年四川省宣汉县巴山大峡谷旅游扶贫开发建设专项债券（一期）-2019年四川省政府专项债券（十七期）信息披露 | B78: 43487 | C78: 四川省 | D78: 专项新增债券 | J78: 1.1 | K78: 43494 | L78: 招标日 | M78: 43495 | O78: 7 | P78: 5 | Q78: 川财库〔2019〕119 号 | S78: announcement | T78: fxqgg | U78: text | V78: https://www.celma.org.cn/fxqgg/43756.jhtml | W78: 未能从表格解析分期明细，本行为整篇公告级别的合并记录
A79: 2019年四川省城乡基础设施建设专项债券（一期）-2019年四川省政府专项债券（十期）信息披露 | B79: 43487 | C79: 四川省 | D79: 专项新增债券 | J79: 1.15 | K79: 43494 | L79: 招标日 | M79: 43495 | O79: 7 | P79: 5 | Q79: 川财库〔2019〕112 号 | S79: announcement | T79: fxqgg | U79: text | V79: https://www.celma.org.cn/fxqgg/41392.jhtml | W79: 未能从表格解析分期明细，本行为整篇公告级别的合并记录
A80: 2019年四川省工业园区建设专项债券（一期）-2019年四川省政府专项债券（八期）信息披露 | B80: 43487 | C80: 四川省 | D80: 专项新增债券 | M80: 43495 | S80: announcement | T80: fxqgg | U80: ocr | V80: https://www.celma.org.cn/fxqgg/38473.jhtml | W80: 未能从表格解析分期明细，本行为整篇公告级别的合并记录; 未找到招标日期; 本行来自OCR识别，数值型字段准确性需人工核对
A81: 2019年四川省绵阳市游仙经济开发区（含科技城游仙军民融合产业园）专项债券（一期）-2019年四川省政府专项债券（十六期）信息披露 | B81: 43487 | C81: 四川省 | D81: 专项新增债券 | J81: 3 | K81: 43494 | L81: 招标日 | M81: 43495 | O81: 7 | P81: 5 | Q81: 川财库〔2019〕118 号 | S81: announcement | T81: fxqgg | U81: text | V81: https://www.celma.org.cn/fxqgg/43004.jhtml | W81: 未能从表格解析分期明细，本行为整篇公告级别的合并记录
A82: 2019年四川省眉山市东坡区乡村振兴示范项目专项债券（一期）-2019年四川省政府专项债券（十五期）信息披露 | B82: 43487 | C82: 四川省 | D82: 专项新增债券 | J82: 0.4 | K82: 43494 | L82: 招标日 | M82: 43495 | O82: 7 | P82: 5 | Q82: 川财库〔2019〕117 号 | S82: announcement | T82: fxqgg | U82: text | V82: https://www.celma.org.cn/fxqgg/44894.jhtml | W82: 未能从表格解析分期明细，本行为整篇公告级别的合并记录
A83: 2019年四川省收费公路专项债券（一期）-2019年四川省政府专项债券（五期）信息披露 | B83: 43487 | C83: 四川省 | D83: 专项新增债券 | J83: 1.05 | K83: 43494 | L83: 招标日 | M83: 43495 | O83: 7 | P83: 5 | Q83: 川财库〔2019〕108 号 | S83: announcement | T83: fxqgg | U83: text | V83: https://www.celma.org.cn/fxqgg/43258.jhtml | W83: 未能从表格解析分期明细，本行为整篇公告级别的合并记录
A84: 2019年四川省政府第一批棚户区改造专项债券信息披露 | B84: 43487 | C84: 四川省 | D84: 专项新增债券 | G84: 1 | J84: 21.55 | K84: 43494 | L84: 招标日 | M84: 43495 | O84: 7 | P84: 5 | Q84: 川财库〔2019〕107 号 | S84: announcement | T84: fxqgg | U84: text | V84: https://www.celma.org.cn/fxqgg/43256.jhtml | W84: 未能从表格解析分期明细，本行为整篇公告级别的合并记录
A85: 2019年湖北省政府一般债券（一期）信息披露 | B85: 43487 | C85: 湖北省 | D85: 一般新增债券 | K85: 43494 | L85: 招标日 | M85: 43495 | O85: 7 | P85: 5 | S85: announcement | T85: fxqgg | U85: ocr | V85: https://www.celma.org.cn/fxqgg/38475.jhtml | W85: 未能从表格解析分期明细，本行为整篇公告级别的合并记录; 本行来自OCR识别，数值型字段准确性需人工核对
A86: 2019年四川省政府第一批水务建设专项债券信息披露 | B86: 43487 | C86: 四川省 | D86: 专项新增债券 | G86: 1 | J86: 5.85 | K86: 43494 | L86: 招标日 | M86: 43495 | O86: 7 | P86: 5 | Q86: 川财库〔2019〕109 号 | S86: announcement | T86: fxqgg | U86: text | V86: https://www.celma.org.cn/fxqgg/43257.jhtml | W86: 未能从表格解析分期明细，本行为整篇公告级别的合并记录
A87: 2019年四川省政府第一批棚户区改造专项债券信息披露 | B87: 43487 | C87: 四川省 | D87: 专项新增债券 | G87: 1 | J87: 21.55 | K87: 43494 | L87: 招标日 | M87: 43495 | O87: 7 | P87: 5 | Q87: 川财库〔2019〕107 号 | S87: announcement | T87: fxqgg | U87: text | V87: https://www.celma.org.cn/fxqgg/41101.jhtml | W87: 未能从表格解析分期明细，本行为整篇公告级别的合并记录
A88: 2019年四川省学校建设专项债券（一期）-2019年四川省政府专项债券（十一期）信息披露 | B88: 43487 | C88: 四川省 | D88: 专项新增债券 | J88: 0.6 | K88: 43494 | L88: 招标日 | M88: 43495 | O88: 7 | P88: 5 | Q88: 川财库〔2019〕113 号 | S88: announcement | T88: fxqgg | U88: text | V88: https://www.celma.org.cn/fxqgg/43255.jhtml | W88: 未能从表格解析分期明细，本行为整篇公告级别的合并记录
A89: 2019年甘肃省本级收费公路专项债券（一期）发行信息披露文件 | B89: 43488 | C89: 甘肃省 | D89: 专项新增债券 | K89: 43495 | L89: 招标日 | O89: 7 | P89: 5 | S89: announcement | T89: fxqgg | U89: ocr | V89: https://www.celma.org.cn/fxqgg/38469.jhtml | W89: 未能从表格解析分期明细，本行为整篇公告级别的合并记录; 本行来自OCR识别，数值型字段准确性需人工核对
A90: 2019年甘肃省政府一般债券（一期）发行信息披露文件 | B90: 43488 | C90: 甘肃省 | D90: 一般新增债券 | K90: 43495 | L90: 招标日 | O90: 7 | P90: 5 | S90: announcement | T90: fxqgg | U90: ocr | V90: https://www.celma.org.cn/fxqgg/43625.jhtml | W90: 未能从表格解析分期明细，本行为整篇公告级别的合并记录; 本行来自OCR识别，数值型字段准确性需人工核对
A91: 2019年江苏省政府一般债券（一期）信息披露文件 | B91: 43488 | C91: 江苏省 | D91: 一般新增债券 | K91: 43496 | L91: 招标日 | O91: 8 | P91: 6 | S91: announcement | T91: fxqgg | U91: ocr | V91: https://www.celma.org.cn/fxqgg/37507.jhtml | W91: 未能从表格解析分期明细，本行为整篇公告级别的合并记录; 本行来自OCR识别，数值型字段准确性需人工核对
A92: 2019年新疆维吾尔自治区（新疆生产建设兵团）债券招投标书 | B92: 43488 | C92: 新疆维吾尔自治区 | Q92: 财库〔2015〕64 号 | S92: announcement | T92: fxqgg | U92: text | V92: https://www.celma.org.cn/fxqgg/40168.jhtml | W92: 未能从表格解析分期明细，本行为整篇公告级别的合并记录; 标题含多品种或无法识别品种，请查看PDF人工拆分; 未找到招标日期
A93: 2019年第一批厦门市政府一般债券信息披露文件 | B93: 43488 | C93: 厦门市 | D93: 一般新增债券 | G93: 1 | J93: 29 | S93: announcement | T93: fxqgg | U93: ocr | V93: https://www.celma.org.cn/fxqgg/41103.jhtml | W93: 未能从表格解析分期明细，本行为整篇公告级别的合并记录; 未找到招标日期; 本行来自OCR识别，数值型字段准确性需人工核对
A94: 2019年第一批陕西省政府一般债券（一期）发行信息披露文件 | B94: 43488 | C94: 陕西省 | D94: 一般新增债券 | G94: 1 | J94: 35 | S94: announcement | T94: fxqgg | U94: ocr | V94: https://www.celma.org.cn/fxqgg/38470.jhtml | W94: 未能从表格解析分期明细，本行为整篇公告级别的合并记录; 未找到招标日期; 本行来自OCR识别，数值型字段准确性需人工核对
A95: 2019年安徽省政府一般债券（一期）信息披露文件 | B95: 43488 | C95: 安徽省 | D95: 一般新增债券 | M95: 43496 | S95: announcement | T95: fxqgg | U95: ocr | V95: https://www.celma.org.cn/fxqgg/44895.jhtml | W95: 未能从表格解析分期明细，本行为整篇公告级别的合并记录; 未找到招标日期; 本行来自OCR识别，数值型字段准确性需人工核对
A96: 2019年第一批陕西省政府一般债券（一期）发行信息披露文件 | B96: 43488 | C96: 陕西省 | D96: 一般新增债券 | G96: 1 | J96: 35 | S96: announcement | T96: fxqgg | U96: ocr | V96: https://www.celma.org.cn/fxqgg/39079.jhtml | W96: 未能从表格解析分期明细，本行为整篇公告级别的合并记录; 未找到招标日期; 本行来自OCR识别，数值型字段准确性需人工核对
A97: 2019年广东省水资源专项债券和土地储备专项债券发行文件 | B97: 43489 | C97: 广东省 | D97: 专项新增债券 | F97: 10Y | H97: 1 | J97: 26 | K97: 43496 | L97: 招标日 | M97: 43497 | O97: 7 | P97: 5 | Q97: 粤财金〔2019〕8 号 | R97: 2019年广东省（本级）珠江三角洲水资源配置工程专项债券（一期）--2019年广东省政府专项债券（一期） | S97: announcement | T97: fxqgg | U97: text | V97: https://www.celma.org.cn/fxqgg/43637.jhtml
A98: 2019年广东省水资源专项债券和土地储备专项债券发行文件 | B98: 43489 | C98: 广东省 | D98: 专项新增债券 | F98: 7Y | H98: 1 | J98: 46.5 | K98: 43496 | L98: 招标日 | M98: 43497 | O98: 7 | P98: 5 | Q98: 粤财金〔2019〕8 号 | R98: 2019年广东省土地储备专项债券（一期）--2019年广东省政府专项债券（二期） | S98: announcement | T98: fxqgg | U98: text | V98: https://www.celma.org.cn/fxqgg/43637.jhtml
A99: 2019年第一批福建省政府一般债券招投标书 | B99: 43489 | C99: 福建省 | D99: 一般新增债券 | G99: 1 | S99: announcement | T99: fxqgg | U99: ocr | V99: https://www.celma.org.cn/fxqgg/38467.jhtml | W99: 未能从表格解析分期明细，本行为整篇公告级别的合并记录; 未找到招标日期; 本行来自OCR识别，数值型字段准确性需人工核对
A100: 2019年北京市政府一般债券信息披露文件 | B100: 43489 | C100: 北京市 | D100: 一般新增债券 | S100: announcement | T100: fxqgg | U100: ocr | V100: https://www.celma.org.cn/fxqgg/37505.jhtml | W100: 未能从表格解析分期明细，本行为整篇公告级别的合并记录; 未找到招标日期; 本行来自OCR识别，数值型字段准确性需人工核对
A101: 2019年浙江省土地储备专项债券（一期）--2019年浙江省政府专项债券（一期）信息披露文件 | B101: 43489 | C101: 浙江省 | D101: 专项新增债券 | S101: announcement | T101: fxqgg | U101: ocr | V101: https://www.celma.org.cn/fxqgg/39436.jhtml | W101: 未能从表格解析分期明细，本行为整篇公告级别的合并记录; 未找到招标日期; 本行来自OCR识别，数值型字段准确性需人工核对
A102: 2019年山东省政府专项债券（一至四期）、一般债券（一期）招投标文件 | B102: 43489 | C102: 山东省 | D102: 专项新增债券 | S102: announcement | T102: fxqgg | U102: ocr | V102: https://www.celma.org.cn/fxqgg/43776.jhtml | W102: 未能从表格解析分期明细，本行为整篇公告级别的合并记录; 未找到招标日期; 本行来自OCR识别，数值型字段准确性需人工核对
A103: 2019年浙江省政府一般债券（一～二期）信息披露文件 | B103: 43489 | C103: 浙江省 | D103: 一般新增债券 | S103: announcement | T103: fxqgg | U103: ocr | V103: https://www.celma.org.cn/fxqgg/43253.jhtml | W103: 未能从表格解析分期明细，本行为整篇公告级别的合并记录; 未找到招标日期; 本行来自OCR识别，数值型字段准确性需人工核对
A104: 2019年海南省政府一般债券（一至二期）信息披露 | B104: 43489 | C104: 海南省 | D104: 一般新增债券 | K104: 43496 | L104: 招标日 | O104: 7 | P104: 5 | S104: announcement | T104: fxqgg | U104: ocr | V104: https://www.celma.org.cn/fxqgg/41390.jhtml | W104: 未能从表格解析分期明细，本行为整篇公告级别的合并记录; 本行来自OCR识别，数值型字段准确性需人工核对
A105: 2019年广东省政府一般债券（一期～二期）发行文件 | B105: 43489 | C105: 广东省 | D105: 一般新增债券 | F105: 10Y | H105: 2 | J105: 86.4 | K105: 43496 | L105: 招标日 | O105: 7 | P105: 5 | Q105: 粤财金〔2019〕7 号 | R105: 2019年广东省政府一般债券（二期） | S105: announcement | T105: fxqgg | U105: text | V105: https://www.celma.org.cn/fxqgg/39443.jhtml
A106: 2019年广东省政府一般债券（一期～二期）发行文件 | B106: 43489 | C106: 广东省 | D106: 一般新增债券 | F106: 5Y | H106: 1 | J106: 57.6 | K106: 43496 | L106: 招标日 | O106: 7 | P106: 5 | Q106: 粤财金〔2019〕7 号 | R106: 2019年广东省政府一般债券（一期） | S106: announcement | T106: fxqgg | U106: text | V106: https://www.celma.org.cn/fxqgg/39443.jhtml
A107: 2019年第一批天津市政府专项债券招投标书 | B107: 43490 | C107: 天津市 | D107: 专项新增债券 | G107: 1 | Q107: 津财库〔2018〕40 号 | S107: announcement | T107: fxqgg | U107: text | V107: https://www.celma.org.cn/fxqgg/37521.jhtml | W107: 未能从表格解析分期明细，本行为整篇公告级别的合并记录; 未找到招标日期
A108: 2019年河北省第一批公开发行政府债券招投标文件 | B108: 43490 | C108: 河北省 | G108: 1 | S108: announcement | T108: fxqgg | U108: ocr | V108: https://www.celma.org.cn/fxqgg/37522.jhtml | W108: 未能从表格解析分期明细，本行为整篇公告级别的合并记录; 标题含多品种或无法识别品种，请查看PDF人工拆分; 未找到招标日期; 本行来自OCR识别，数值型字段准确性需人工核对
A109: 2019年云南省政府债券专项债券（1-2期）招投标书 | B109: 43493 | C109: 云南省 | D109: 专项新增债券 | S109: announcement | T109: fxqgg | U109: text | V109: https://www.celma.org.cn/fxqgg/43762.jhtml | W109: 未能从表格解析分期明细，本行为整篇公告级别的合并记录; 未找到招标日期
A110: 2019年青岛市第一批地方政府债券招投标书 | B110: 43493 | C110: 青岛市 | G110: 1 | S110: announcement | T110: fxqgg | U110: ocr | V110: https://www.celma.org.cn/fxqgg/38483.jhtml | W110: 未能从表格解析分期明细，本行为整篇公告级别的合并记录; 标题含多品种或无法识别品种，请查看PDF人工拆分; 未找到招标日期; 本行来自OCR识别，数值型字段准确性需人工核对
...

Sheet 月度季度发行计划明细
A1: 公告网页标题 | B1: 计划公示日期 | C1: 所属省份/计划单列市 | D1: 覆盖年份 | E1: 覆盖起始月 | F1: 覆盖结束月 | G1: 覆盖期起始日 | H1: 覆盖期结束日 | I1: 计划新增一般债券规模(亿元) | J1: 计划新增专项债券规模(亿元) | K1: 计划再融资债券规模(亿元) | L1: 文件类型 | M1: 数据来源栏目 | N1: 提取方式(text/ocr/failed) | O1: 公告链接 | P1: 提取备注/警告
A2: 山东省（不含青岛）2019年2月政府债券发行计划表 | B2: 43483 | C2: 山东省 | D2: 2019 | E2: 2 | F2: 2 | G2: 43497 | H2: 43524 | L2: plan | M2: dfzfxjh | N2: ocr | O2: https://www.celma.org.cn/dfzfxjh/48535.jhtml | P2: 未找到再融资债券计划发行规模(表2-1); 未找到新增一般/专项债券计划发行规模(表2-2); 本行来自OCR识别，数值型字段准确性需人工核对
A3: 2019年3月山东省（不含青岛）政府债券发行工作安排 | B3: 43516 | C3: 山东省 | D3: 2019 | E3: 3 | F3: 3 | G3: 43525 | H3: 43555 | L3: plan | M3: dfzfxjh | N3: ocr | O3: https://www.celma.org.cn/dfzfxjh/48536.jhtml | P3: 未找到再融资债券计划发行规模(表2-1); 未找到新增一般/专项债券计划发行规模(表2-2); 本行来自OCR识别，数值型字段准确性需人工核对
A4: 2019年4月山东省（不含青岛）政府债券发行工作安排 | B4: 43544 | C4: 山东省 | D4: 2019 | E4: 4 | F4: 4 | G4: 43556 | H4: 43585 | L4: plan | M4: dfzfxjh | N4: ocr | O4: https://www.celma.org.cn/dfzfxjh/48537.jhtml | P4: 未找到再融资债券计划发行规模(表2-1); 未找到新增一般/专项债券计划发行规模(表2-2); 本行来自OCR识别，数值型字段准确性需人工核对
A5: 2019年5月山东省（不含青岛）政府债券发行工作安排 | B5: 43574 | C5: 山东省 | D5: 2019 | E5: 5 | F5: 5 | G5: 43586 | H5: 43616 | L5: plan | M5: dfzfxjh | N5: ocr | O5: https://www.celma.org.cn/dfzfxjh/48538.jhtml | P5: 未找到再融资债券计划发行规模(表2-1); 未找到新增一般/专项债券计划发行规模(表2-2); 本行来自OCR识别，数值型字段准确性需人工核对
A6: 2019年5月份河北省政府地方债券发行计划 | B6: 43577 | C6: 河北省 | D6: 2019 | E6: 5 | F6: 5 | G6: 43586 | H6: 43616 | L6: plan | M6: dfzfxjh | N6: ocr | O6: https://www.celma.org.cn/dfzfxjh/40993.jhtml | P6: 未找到再融资债券计划发行规模(表2-1); 未找到新增一般/专项债券计划发行规模(表2-2); 本行来自OCR识别，数值型字段准确性需人工核对
A7: 2019年二季度福建省政府发行计划表 | B7: 43599 | C7: 福建省 | D7: 2019 | E7: 4 | F7: 6 | G7: 43556 | H7: 43646 | L7: plan | M7: dfzfxjh | N7: ocr | O7: https://www.celma.org.cn/dfzfxjh/41018.jhtml | P7: 未找到再融资债券计划发行规模(表2-1); 未找到新增一般/专项债券计划发行规模(表2-2); 本行来自OCR识别，数值型字段准确性需人工核对
A8: 2019年6月山东省（不含青岛）政府债券发行工作安排 | B8: 43605 | C8: 山东省 | D8: 2019 | E8: 6 | F8: 6 | G8: 43617 | H8: 43646 | L8: plan | M8: dfzfxjh | N8: ocr | O8: https://www.celma.org.cn/dfzfxjh/48539.jhtml | P8: 未找到再融资债券计划发行规模(表2-1); 未找到新增一般/专项债券计划发行规模(表2-2); 本行来自OCR识别，数值型字段准确性需人工核对
A9: 2019年第二季度北京市地方政府新增债券和再融资债券发行计划表 | B9: 43615 | C9: 北京市 | D9: 2019 | E9: 4 | F9: 6 | G9: 43556 | H9: 43646 | L9: plan | M9: dfzfxjh | N9: ocr | O9: https://www.celma.org.cn/dfzfxjh/42978.jhtml | P9: 未找到再融资债券计划发行规模(表2-1); 未找到新增一般/专项债券计划发行规模(表2-2); 本行来自OCR识别，数值型字段准确性需人工核对
A10: 关于公布2019年三季度福建省政府债券发行计划及安排的通知 | B10: 43622 | C10: 福建省 | D10: 2019 | E10: 7 | F10: 9 | G10: 43647 | H10: 43738 | L10: plan | M10: dfzfxjh | N10: ocr | O10: https://www.celma.org.cn/dfzfxjh/39074.jhtml | P10: 未找到再融资债券计划发行规模(表2-1); 未找到新增一般/专项债券计划发行规模(表2-2); 本行来自OCR识别，数值型字段准确性需人工核对
A11: 关于公布2019年三季度厦门市地方政府债券发行计划的通知 | B11: 43634 | C11: 厦门市 | D11: 2019 | E11: 7 | F11: 9 | G11: 43647 | H11: 43738 | L11: plan | M11: dfzfxjh | N11: ocr | O11: https://www.celma.org.cn/dfzfxjh/42040.jhtml | P11: 未找到再融资债券计划发行规模(表2-1); 未找到新增一般/专项债券计划发行规模(表2-2); 本行来自OCR识别，数值型字段准确性需人工核对
A12: 关于公布2019年三季度浙江省地方政府债券发行计划的通知 | B12: 43634 | C12: 浙江省 | D12: 2019 | E12: 7 | F12: 9 | G12: 43647 | H12: 43738 | L12: plan | M12: dfzfxjh | N12: ocr | O12: https://www.celma.org.cn/dfzfxjh/42981.jhtml | P12: 未找到再融资债券计划发行规模(表2-1); 未找到新增一般/专项债券计划发行规模(表2-2); 本行来自OCR识别，数值型字段准确性需人工核对
A13: 关于公布2019年三季度青岛市地方政府债券发行计划的通知 | B13: 43635 | C13: 青岛市 | D13: 2019 | E13: 7 | F13: 9 | G13: 43647 | H13: 43738 | L13: plan | M13: dfzfxjh | N13: ocr | O13: https://www.celma.org.cn/dfzfxjh/42987.jhtml | P13: 未找到再融资债券计划发行规模(表2-1); 未找到新增一般/专项债券计划发行规模(表2-2); 本行来自OCR识别，数值型字段准确性需人工核对
... A26: 2019年6月甘肃省政府债券发行安排公告 | B26: 43777 | C26: 甘肃省 | D26: 2019 | E26: 6 | F26: 6 | G26: 43617 | H26: 43646 | L26: plan | M26: dfzfxjh | N26: ocr | O26: https://www.celma.org.cn/dfzfxjh/45879.jhtml | P26: 未找到再融资债券计划发行规模(表2-1); 未找到新增一般/专项债券计划发行规模(表2-2); 本行来自OCR识别，数值型字段准确性需人工核对
A27: 山西省2019年债券发行安排公开 | B27: 43784 | C27: 山西省 | I27: 258.442 | J27: 379 | K27: 119.53 | L27: plan | M27: dfzfxjh | N27: text | O27: https://www.celma.org.cn/dfzfxjh/46098.jhtml | P27: 未能从标题识别计划覆盖的月份/季度
A28: 2019年12月宁夏回族自治区债券发行安排公开 | B28: 43789 | C28: 宁夏回族自治区 | D28: 2019 | E28: 12 | F28: 12 | G28: 43800 | H28: 43830 | I28: 0 | J28: 0 | K28: 0 | L28: plan | M28: dfzfxjh | N28: text | O28: https://www.celma.org.cn/dfzfxjh/49526.jhtml
A29: 2019年云南省政府债券发行计划公开 | B29: 43794 | C29: 云南省 | L29: plan | M29: dfzfxjh | N29: text | O29: https://www.celma.org.cn/dfzfxjh/46152.jhtml | P29: 未能从标题识别计划覆盖的月份/季度
A30: 2020年01月贵州省债券发行安排公开 | B30: 43815 | C30: 贵州省 | D30: 2020 | E30: 1 | F30: 1 | G30: 43831 | H30: 43861 | I30: 0 | J30: 69.9 | K30: 0 | L30: plan | M30: dfzfxjh | N30: text | O30: https://www.celma.org.cn/dfzfxjh/50631.jhtml
A31: 2020年01月甘肃省债券发行安排公开 | B31: 43817 | C31: 甘肃省 | D31: 2020 | E31: 1 | F31: 1 | G31: 43831 | H31: 43861 | I31: 80.1 | J31: 123.22 | K31: 0 | L31: plan | M31: dfzfxjh | N31: text | O31: https://www.celma.org.cn/dfzfxjh/46793.jhtml
A32: 2020年01月吉林省债券发行安排公开 | B32: 43818 | C32: 吉林省 | D32: 2020 | E32: 1 | F32: 1 | G32: 43831 | H32: 43861 | I32: 0 | J32: 10.55 | K32: 0 | L32: plan | M32: dfzfxjh | N32: text | O32: https://www.celma.org.cn/dfzfxjh/47249.jhtml
A33: 2020年01月宁夏回族自治区债券发行安排公开 | B33: 43819 | C33: 宁夏回族自治区 | D33: 2020 | E33: 1 | F33: 1 | G33: 43831 | H33: 43861 | I33: 0 | J33: 0 | K33: 0 | L33: plan | M33: dfzfxjh | N33: text | O33: https://www.celma.org.cn/dfzfxjh/49520.jhtml
A34: 山东省（不含青岛）2020年1月政府债券发行计划表 | B34: 43819 | C34: 山东省 | D34: 2020 | E34: 1 | F34: 1 | G34: 43831 | H34: 43861 | L34: plan | M34: dfzfxjh | N34: ocr | O34: https://www.celma.org.cn/dfzfxjh/48534.jhtml | P34: 未找到再融资债券计划发行规模(表2-1); 未找到新增一般/专项债券计划发行规模(表2-2); 本行来自OCR识别，数值型字段准确性需人工核对
A35: 2020年1月甘肃省政府债券发行安排公告 | B35: 43830 | C35: 甘肃省 | D35: 2020 | E35: 1 | F35: 1 | G35: 43831 | H35: 43861 | L35: plan | M35: dfzfxjh | N35: ocr | O35: https://www.celma.org.cn/dfzfxjh/46862.jhtml | P35: 未找到再融资债券计划发行规模(表2-1); 未找到新增一般/专项债券计划发行规模(表2-2); 本行来自OCR识别，数值型字段准确性需人工核对
A36: 2020年01月河南省债券发行安排公开 | B36: 43832 | C36: 河南省 | D36: 2020 | E36: 1 | F36: 1 | G36: 43831 | H36: 43861 | I36: 0 | J36: 519 | K36: 0 | L36: plan | M36: dfzfxjh | N36: text | O36: https://www.celma.org.cn/dfzfxjh/46473.jhtml
A37: 2019年黑龙江省债券发行安排公开 | B37: 43833 | C37: 黑龙江省 | I37: 425.6 | J37: 263.89 | K37: 206.66 | L37: plan | M37: dfzfxjh | N37: text | O37: https://www.celma.org.cn/dfzfxjh/46496.jhtml | P37: 未能从标题识别计划覆盖的月份/季度
A38: 2020年02月贵州省债券发行安排公开 | B38: 43838 | C38: 贵州省 | D38: 2020 | E38: 2 | F38: 2 | G38: 43862 | H38: 43890 | I38: 0 | J38: 49.05 | K38: 0 | L38: plan | M38: dfzfxjh | N38: text | O38: https://www.celma.org.cn/dfzfxjh/50632.jhtml
A39: 2020年01月广西壮族自治区政府债券发行安排公开 | B39: 43839 | C39: 广西壮族自治区 | D39: 2020 | E39: 1 | F39: 1 | G39: 43831 | H39: 43861 | I39: 11 | J39: 105.41 | L39: plan | M39: dfzfxjh | N39: text | O39: https://www.celma.org.cn/dfzfxjh/46654.jhtml | P39: 未找到再融资债券计划发行规模(表2-1)
A40: 2020年1月广东省政府债券发行计划 | B40: 43840 | C40: 广东省 | D40: 2020 | E40: 1 | F40: 1 | G40: 43831 | H40: 43861 | L40: plan | M40: dfzfxjh | N40: ocr | O40: https://www.celma.org.cn/dfzfxjh/46799.jhtml | P40: 未找到再融资债券计划发行规模(表2-1); 未找到新增一般/专项债券计划发行规模(表2-2); 本行来自OCR识别，数值型字段准确性需人工核对
A41: 2020年02月宁夏回族自治区债券发行安排公开 | B41: 43850 | C41: 宁夏回族自治区 | D41: 2020 | E41: 2 | F41: 2 | G41: 43862 | H41: 43890 | I41: 0 | J41: 0 | K41: 0 | L41: plan | M41: dfzfxjh | N41: text | O41: https://www.celma.org.cn/dfzfxjh/49521.jhtml
A42: 山东省2020年2月份政府债券发行计划公开 | B42: 43850 | C42: 山东省 | D42: 2020 | E42: 2 | F42: 2 | G42: 43862 | H42: 43890 | L42: plan | M42: dfzfxjh | N42: ocr | O42: https://www.celma.org.cn/dfzfxjh/46730.jhtml | P42: 未找到再融资债券计划发行规模(表2-1); 未找到新增一般/专项债券计划发行规模(表2-2); 本行来自OCR识别，数值型字段准确性需人工核对
A43: 2020年青岛市债券发行安排公开 | B43: 43851 | C43: 青岛市 | I43: 0 | J43: 80 | K43: 0 | L43: plan | M43: dfzfxjh | N43: text | O43: https://www.celma.org.cn/dfzfxjh/46733.jhtml | P43: 未能从标题识别计划覆盖的月份/季度
A44: 2020年青岛市债券发行安排公开 | B44: 43852 | C44: 青岛市 | I44: 17.4 | J44: 80 | K44: 0 | L44: plan | M44: dfzfxjh | N44: text | O44: https://www.celma.org.cn/dfzfxjh/46758.jhtml | P44: 未能从标题识别计划覆盖的月份/季度
A45: 2020年02月青海省债券发行安排公开 | B45: 43852 | C45: 青海省 | D45: 2020 | E45: 2 | F45: 2 | G45: 43862 | H45: 43890 | I45: 152 | J45: 41 | K45: 0 | L45: plan | M45: dfzfxjh | N45: text | O45: https://www.celma.org.cn/dfzfxjh/46756.jhtml
A46: 2020年02月广西壮族自治区债券发行安排公开 | B46: 43852 | C46: 广西壮族自治区 | D46: 2020 | E46: 2 | F46: 2 | G46: 43862 | H46: 43890 | I46: 211 | J46: 289 | K46: 0 | L46: plan | M46: dfzfxjh | N46: text | O46: https://www.celma.org.cn/dfzfxjh/46760.jhtml
A47: 2020年01月云南省债券发行安排公开 | B47: 43853 | C47: 云南省 | D47: 2020 | E47: 1 | F47: 1 | G47: 43831 | H47: 43861 | I47: 141 | J47: 450 | K47: 0 | L47: plan | M47: dfzfxjh | N47: text | O47: https://www.celma.org.cn/dfzfxjh/46772.jhtml
A48: 2020年2月广东省政府债券发行计划 | B48: 43872 | C48: 广东省 | D48: 2020 | E48: 2 | F48: 2 | G48: 43862 | H48: 43890 | L48: plan | M48: dfzfxjh | N48: ocr | O48: https://www.celma.org.cn/dfzfxjh/46957.jhtml | P48: 未找到再融资债券计划发行规模(表2-1); 未找到新增一般/专项债券计划发行规模(表2-2); 本行来自OCR识别，数值型字段准确性需人工核对
A49: 2020年03月贵州省债券发行安排公开 | B49: 43873 | C49: 贵州省 | D49: 2020 | E49: 3 | F49: 3 | G49: 43891 | H49: 43921 | I49: 0 | J49: 31.05 | K49: 76 | L49: plan | M49: dfzfxjh | N49: text | O49: https://www.celma.org.cn/dfzfxjh/50633.jhtml
A50: 2020年03月吉林省债券发行安排公开 | B50: 43880 | C50: 吉林省 | D50: 2020 | E50: 3 | F50: 3 | G50: 43891 | H50: 43921 | I50: 187 | J50: 0 | K50: 72.58 | L50: plan | M50: dfzfxjh | N50: text | O50: https://www.celma.org.cn/dfzfxjh/47250.jhtml
A51: 2020年3月广东省政府债券发行计划 | B51: 43881 | C51: 广东省 | D51: 2020 | E51: 3 | F51: 3 | G51: 43891 | H51: 43921 | L51: plan | M51: dfzfxjh | N51: ocr | O51: https://www.celma.org.cn/dfzfxjh/47027.jhtml | P51: 未找到再融资债券计划发行规模(表2-1); 未找到新增一般/专项债券计划发行规模(表2-2); 本行来自OCR识别，数值型字段准确性需人工核对
A52: 山东省（不含青岛）2020年3月政府债券发行计划表 | B52: 43881 | C52: 山东省 | D52: 2020 | E52: 3 | F52: 3 | G52: 43891 | H52: 43921 | L52: plan | M52: dfzfxjh | N52: ocr | O52: https://www.celma.org.cn/dfzfxjh/46897.jhtml | P52: 未找到再融资债券计划发行规模(表2-1); 未找到新增一般/专项债券计划发行规模(表2-2); 本行来自OCR识别，数值型字段准确性需人工核对
A53: 2020年内蒙古自治区债券发行安排公开 | B53: 43886 | C53: 内蒙古自治区 | I53: 0 | J53: 0 | K53: 0 | L53: plan | M53: dfzfxjh | N53: text | O53: https://www.celma.org.cn/dfzfxjh/46982.jhtml | P53: 未能从标题识别计划覆盖的月份/季度
A54: 2020年青岛市2月债券发行安排公开 | B54: 43895 | C54: 青岛市 | I54: 17.4 | J54: 122 | K54: 0 | L54: plan | M54: dfzfxjh | N54: text | O54: https://www.celma.org.cn/dfzfxjh/47056.jhtml | P54: 未能从标题识别计划覆盖的月份/季度
A55: 2020年03月四川省债券发行安排公开 | B55: 43899 | C55: 四川省 | D55: 2020 | E55: 3 | F55: 3 | G55: 43891 | H55: 43921 | I55: 277 | J55: 624 | K55: 111.52 | L55: plan | M55: dfzfxjh | N55: text | O55: https://www.celma.org.cn/dfzfxjh/47085.jhtml
A56: 2020年04月贵州省债券发行安排公开 | B56: 43900 | C56: 贵州省 | D56: 2020 | E56: 4 | F56: 4 | G56: 43922 | H56: 43951 | I56: 0 | J56: 0 | K56: 181.77 | L56: plan | M56: dfzfxjh | N56: text | O56: https://www.celma.org.cn/dfzfxjh/50634.jhtml
A57: 2020年03月宁夏回族自治区债券发行安排公开 | B57: 43903 | C57: 宁夏回族自治区 | D57: 2020 | E57: 3 | F57: 3 | G57: 43891 | H57: 43921 | I57: 46.9 | J57: 0 | K57: 0 | L57: plan | M57: dfzfxjh | N57: text | O57: https://www.celma.org.cn/dfzfxjh/47112.jhtml
A58: 2020年03月新疆维吾尔自治区债券发行安排公开 | B58: 43903 | C58: 新疆维吾尔自治区 | D58: 2020 | E58: 3 | F58: 3 | G58: 43891 | H58: 43921 | I58: 148 | J58: 136 | K58: 0 | L58: plan | M58: dfzfxjh | N58: text | O58: https://www.celma.org.cn/dfzfxjh/47119.jhtml
A59: 2020年04月青海省债券发行计划 | B59: 43906 | C59: 青海省 | D59: 2020 | E59: 4 | F59: 4 | G59: 43922 | H59: 43951 | I59: 100 | J59: 34 | K59: 0 | L59: plan | M59: dfzfxjh | N59: text | O59: https://www.celma.org.cn/dfzfxjh/47125.jhtml
A60: 2020年04月吉林省债券发行安排公开 | B60: 43909 | C60: 吉林省 | D60: 2020 | E60: 4 | F60: 4 | G60: 43922 | H60: 43951 | I60: 0 | J60: 129.68 | K60: 0 | L60: plan | M60: dfzfxjh | N60: text | O60: https://www.celma.org.cn/dfzfxjh/47752.jhtml
A61: 2020年4月广东省政府债券发行计划 | B61: 43910 | C61: 广东省 | D61: 2020 | E61: 4 | F61: 4 | G61: 43922 | H61: 43951 | L61: plan | M61: dfzfxjh | N61: ocr | O61: https://www.celma.org.cn/dfzfxjh/47256.jhtml | P61: 未找到再融资债券计划发行规模(表2-1); 未找到新增一般/专项债券计划发行规模(表2-2); 本行来自OCR识别，数值型字段准确性需人工核对
A62: 2020年04月宁夏回族自治区债券发行安排公开 | B62: 43910 | C62: 宁夏回族自治区 | D62: 2020 | E62: 4 | F62: 4 | G62: 43922 | H62: 43951 | I62: 32.03 | J62: 15 | K62: 0 | L62: plan | M62: dfzfxjh | N62: text | O62: https://www.celma.org.cn/dfzfxjh/47478.jhtml
A63: 山东省（不含青岛）2020年4月政府债券发行计划表 | B63: 43910 | C63: 山东省 | D63: 2020 | E63: 4 | F63: 4 | G63: 43922 | H63: 43951 | L63: plan | M63: dfzfxjh | N63: ocr | O63: https://www.celma.org.cn/dfzfxjh/47143.jhtml | P63: 未找到再融资债券计划发行规模(表2-1); 未找到新增一般/专项债券计划发行规模(表2-2); 本行来自OCR识别，数值型字段准确性需人工核对
A64: 2020年03月厦门市债券发行安排公开 | B64: 43913 | C64: 厦门市 | D64: 2020 | E64: 3 | F64: 3 | G64: 43891 | H64: 43921 | I64: 0 | J64: 50 | K64: 0 | L64: plan | M64: dfzfxjh | N64: text | O64: https://www.celma.org.cn/dfzfxjh/47157.jhtml
A65: 2020年03月大连市债券发行安排公开 | B65: 43921 | C65: 大连市 | D65: 2020 | E65: 3 | F65: 3 | G65: 43891 | H65: 43921 | I65: 17 | J65: 0 | K65: 0 | L65: plan | M65: dfzfxjh | N65: text | O65: https://www.celma.org.cn/dfzfxjh/47201.jhtml
A66: 2020年03月四川省债券发行安排公开 | B66: 43923 | C66: 四川省 | D66: 2020 | E66: 3 | F66: 3 | G66: 43891 | H66: 43921 | I66: 0 | J66: 0 | K66: 111.52 | L66: plan | M66: dfzfxjh | N66: text | O66: https://www.celma.org.cn/dfzfxjh/47225.jhtml
A67: 2020年04月甘肃省债券发行安排公开 | B67: 43924 | C67: 甘肃省 | D67: 2020 | E67: 4 | F67: 4 | G67: 43922 | H67: 43951 | I67: 0 | J67: 97.78 | K67: 0 | L67: plan | M67: dfzfxjh | N67: text | O67: https://www.celma.org.cn/dfzfxjh/47275.jhtml
A68: 2020年03月甘肃省债券发行安排公开 | B68: 43930 | C68: 甘肃省 | D68: 2020 | E68: 3 | F68: 3 | G68: 43891 | H68: 43921 | I68: 52.9 | J68: 0 | K68: 0 | L68: plan | M68: dfzfxjh | N68: text | O68: https://www.celma.org.cn/dfzfxjh/47287.jhtml
A69: 2020年03月新疆生产建设兵团债券发行安排公开 | B69: 43930 | C69: 新疆生产建设兵团 | D69: 2020 | E69: 3 | F69: 3 | G69: 43891 | H69: 43921 | I69: 42 | J69: 0 | K69: 0 | L69: plan | M69: dfzfxjh | N69: text | O69: https://www.celma.org.cn/dfzfxjh/47277.jhtml
A70: 2020年05月贵州省债券发行安排公开 | B70: 43935 | C70: 贵州省 | D70: 2020 | E70: 5 | F70: 5 | G70: 43952 | H70: 43982 | I70: 0 | J70: 401 | K70: 0 | L70: plan | M70: dfzfxjh | N70: text | O70: https://www.celma.org.cn/dfzfxjh/50635.jhtml
A71: 2020年05月吉林省债券发行安排公开 | B71: 43940 | C71: 吉林省 | D71: 2020 | E71: 5 | F71: 5 | G71: 43952 | H71: 43982 | I71: 0 | J71: 190.73 | K71: 66.94 | L71: plan | M71: dfzfxjh | N71: text | O71: https://www.celma.org.cn/dfzfxjh/47753.jhtml
A72: 山东省（不含青岛）2020年5月政府债券发行计划 | B72: 43941 | C72: 山东省 | D72: 2020 | E72: 5 | F72: 5 | G72: 43952 | H72: 43982 | L72: plan | M72: dfzfxjh | N72: ocr | O72: https://www.celma.org.cn/dfzfxjh/47385.jhtml | P72: 未找到再融资债券计划发行规模(表2-1); 未找到新增一般/专项债券计划发行规模(表2-2); 本行来自OCR识别，数值型字段准确性需人工核对
A73: 2020年05月宁夏回族自治区债券发行安排公开 | B73: 43941 | C73: 宁夏回族自治区 | D73: 2020 | E73: 5 | F73: 5 | G73: 43952 | H73: 43982 | I73: 0 | J73: 10 | K73: 0 | L73: plan | M73: dfzfxjh | N73: text | O73: https://www.celma.org.cn/dfzfxjh/47728.jhtml
A74: 2020年04月新疆维吾尔自治区债券发行安排公开 | B74: 43950 | C74: 新疆维吾尔自治区 | D74: 2020 | E74: 4 | F74: 4 | G74: 43922 | H74: 43951 | I74: 80 | J74: 0 | K74: 73.7 | L74: plan | M74: dfzfxjh | N74: text | O74: https://www.celma.org.cn/dfzfxjh/47462.jhtml
A75: 2020年06月贵州省债券发行安排公开 | B75: 43963 | C75: 贵州省 | D75: 2020 | E75: 6 | F75: 6 | G75: 43983 | H75: 44012 | I75: 0 | J75: 0 | K75: 99.18 | L75: plan | M75: dfzfxjh | N75: text | O75: https://www.celma.org.cn/dfzfxjh/50636.jhtml
A76: 2020年05月广西壮族自治区债券发行安排公开 | B76: 43965 | C76: 广西壮族自治区 | D76: 2020 | E76: 5 | F76: 5 | G76: 43952 | H76: 43982 | I76: 0 | J76: 249 | K76: 166.15 | L76: plan | M76: dfzfxjh | N76: text | O76: https://www.celma.org.cn/dfzfxjh/47520.jhtml
A77: 2020年06月吉林省债券发行安排公开 | B77: 43970 | C77: 吉林省 | D77: 2020 | E77: 6 | F77: 6 | G77: 43983 | H77: 44012 | I77: 0 | J77: 46.05 | K77: 48.23 | L77: plan | M77: dfzfxjh | N77: text | O77: https://www.celma.org.cn/dfzfxjh/47966.jhtml
A78: 2020年06月宁夏回族自治区债券发行安排公开 | B78: 43971 | C78: 宁夏回族自治区 | D78: 2020 | E78: 6 | F78: 6 | G78: 43983 | H78: 44012 | I78: 0 | J78: 0 | K78: 52.57 | L78: plan | M78: dfzfxjh | N78: text | O78: https://www.celma.org.cn/dfzfxjh/48002.jhtml
A79: 2020年05月大连市债券发行安排公开 | B79: 43971 | C79: 大连市 | D79: 2020 | E79: 5 | F79: 5 | G79: 43952 | H79: 43982 | I79: 0 | J79: 17 | K79: 0 | L79: plan | M79: dfzfxjh | N79: text | O79: https://www.celma.org.cn/dfzfxjh/47561.jhtml
A80: 山东省（不含青岛）2020年6月政府债券发行计划 | B80: 43971 | C80: 山东省 | D80: 2020 | E80: 6 | F80: 6 | G80: 43983 | H80: 44012 | L80: plan | M80: dfzfxjh | N80: ocr | O80: https://www.celma.org.cn/dfzfxjh/47555.jhtml | P80: 未找到再融资债券计划发行规模(表2-1); 未找到新增一般/专项债券计划发行规模(表2-2); 本行来自OCR识别，数值型字段准确性需人工核对
A81: 2020年6月贵州省债券发行安排公开 | B81: 43976 | C81: 贵州省 | D81: 2020 | E81: 6 | F81: 6 | G81: 43983 | H81: 44012 | I81: 0 | J81: 0 | K81: 99.18 | L81: plan | M81: dfzfxjh | N81: text | O81: https://www.celma.org.cn/dfzfxjh/49326.jhtml
A82: 2020年05月新疆维吾尔自治区债券发行安排公开 | B82: 43984 | C82: 新疆维吾尔自治区 | D82: 2020 | E82: 5 | F82: 5 | G82: 43952 | H82: 43982 | I82: 0 | J82: 227 | K82: 43.9 | L82: plan | M82: dfzfxjh | N82: text | O82: https://www.celma.org.cn/dfzfxjh/47691.jhtml
A83: 2020年07月贵州省债券发行安排公开 | B83: 43991 | C83: 贵州省 | D83: 2020 | E83: 7 | F83: 7 | G83: 44013 | H83: 44043 | I83: 0 | J83: 0 | K83: 150.14 | L83: plan | M83: dfzfxjh | N83: text | O83: https://www.celma.org.cn/dfzfxjh/50637.jhtml
A84: 2020年07月吉林省债券发行安排公开 | B84: 44001 | C84: 吉林省 | D84: 2020 | E84: 7 | F84: 7 | G84: 44013 | H84: 44043 | I84: 0 | J84: 0 | K84: 28.11 | L84: plan | M84: dfzfxjh | N84: text | O84: https://www.celma.org.cn/dfzfxjh/48493.jhtml
A85: 山东省（不含青岛）2020年7月份政府债券发行计划 | B85: 44001 | C85: 山东省 | D85: 2020 | E85: 7 | F85: 7 | G85: 44013 | H85: 44043 | L85: plan | M85: dfzfxjh | N85: ocr | O85: https://www.celma.org.cn/dfzfxjh/47809.jhtml | P85: 未找到再融资债券计划发行规模(表2-1); 未找到新增一般/专项债券计划发行规模(表2-2); 本行来自OCR识别，数值型字段准确性需人工核对
A86: 2020年07月宁夏回族自治区债券发行安排公开 | B86: 44002 | C86: 宁夏回族自治区 | D86: 2020 | E86: 7 | F86: 7 | G86: 44013 | H86: 44043 | I86: 0 | J86: 0 | K86: 0 | L86: plan | M86: dfzfxjh | N86: text | O86: https://www.celma.org.cn/dfzfxjh/48003.jhtml
A87: 2020年05月海南省债券发行安排公开 | B87: 44005 | C87: 海南省 | D87: 2020 | E87: 5 | F87: 5 | G87: 43952 | H87: 43982 | I87: 0 | J87: 110 | K87: 63.49 | L87: plan | M87: dfzfxjh | N87: text | O87: https://www.celma.org.cn/dfzfxjh/47832.jhtml
A88: 2020年05月海南省债券发行安排公开 | B88: 44005 | C88: 海南省 | D88: 2020 | E88: 5 | F88: 5 | G88: 43952 | H88: 43982 | I88: 0 | J88: 110 | K88: 63.49 | L88: plan | M88: dfzfxjh | N88: text | O88: https://www.celma.org.cn/dfzfxjh/47824.jhtml
A89: 2020年05月厦门市债券发行安排公开 | B89: 44012 | C89: 厦门市 | D89: 2020 | E89: 5 | F89: 5 | G89: 43952 | H89: 43982 | I89: 11 | J89: 100 | K89: 0 | L89: plan | M89: dfzfxjh | N89: text | O89: https://www.celma.org.cn/dfzfxjh/47871.jhtml
A90: 2020年06月江苏省债券发行安排公开 | B90: 44012 | C90: 江苏省 | D90: 2020 | E90: 6 | F90: 6 | G90: 43983 | H90: 44012 | I90: 0 | J90: 0 | K90: 251.46 | L90: plan | M90: dfzfxjh | N90: text | O90: https://www.celma.org.cn/dfzfxjh/47857.jhtml
A91: 2020年06月江苏省债券发行安排公开 | B91: 44014 | C91: 江苏省 | D91: 2020 | E91: 6 | F91: 6 | G91: 43983 | H91: 44012 | I91: 0 | J91: 0 | K91: 332.46 | L91: plan | M91: dfzfxjh | N91: text | O91: https://www.celma.org.cn/dfzfxjh/47902.jhtml
A92: 2020年06月新疆维吾尔自治区债券发行安排公开 | B92: 44019 | C92: 新疆维吾尔自治区 | D92: 2020 | E92: 6 | F92: 6 | G92: 43983 | H92: 44012 | I92: 0 | J92: 0 | K92: 57.2 | L92: plan | M92: dfzfxjh | N92: text | O92: https://www.celma.org.cn/dfzfxjh/47945.jhtml
A93: 2020年05月新疆生产建设兵团债券发行安排公开 | B93: 44025 | C93: 新疆生产建设兵团 | D93: 2020 | E93: 5 | F93: 5 | G93: 43952 | H93: 43982 | I93: 0 | J93: 30 | K93: 0 | L93: plan | M93: dfzfxjh | N93: text | O93: https://www.celma.org.cn/dfzfxjh/48017.jhtml
A94: 2020年07月辽宁省债券发行安排公开 | B94: 44025 | C94: 辽宁省 | D94: 2020 | E94: 7 | F94: 7 | G94: 44013 | H94: 44043 | I94: 0 | J94: 0 | K94: 99.91 | L94: plan | M94: dfzfxjh | N94: text | O94: https://www.celma.org.cn/dfzfxjh/47999.jhtml
A95: 2020年08月贵州省债券发行安排公开 | B95: 44026 | C95: 贵州省 | D95: 2020 | E95: 8 | F95: 8 | G95: 44044 | H95: 44074 | I95: 205.21 | J95: 428 | K95: 0 | L95: plan | M95: dfzfxjh | N95: text | O95: https://www.celma.org.cn/dfzfxjh/50638.jhtml
A96: 2019年01月新疆生产建设兵团债券发行安排公开 | B96: 44028 | C96: 新疆生产建设兵团 | D96: 2019 | E96: 1 | F96: 1 | G96: 43466 | H96: 43496 | I96: 28 | J96: 12 | K96: 0 | L96: plan | M96: dfzfxjh | N96: text | O96: https://www.celma.org.cn/dfzfxjh/48115.jhtml
A97: 2020年04月厦门市债券发行安排公开 | B97: 44028 | C97: 厦门市 | D97: 2020 | E97: 4 | F97: 4 | G97: 43922 | H97: 43951 | I97: 0 | J97: 0 | K97: 0 | L97: plan | M97: dfzfxjh | N97: text | O97: https://www.celma.org.cn/dfzfxjh/48120.jhtml
... A111: 2020年08月吉林省债券发行安排公开 | B111: 44032 | C111: 吉林省 | D111: 2020 | E111: 8 | F111: 8 | G111: 44044 | H111: 44074 | I111: 108.81 | J111: 18.09 | K111: 106.48 | L111: plan | M111: dfzfxjh | N111: text | O111: https://www.celma.org.cn/dfzfxjh/48970.jhtml
A112: 山东省（不含青岛）2020年8月政府债券发行计划 | B112: 44032 | C112: 山东省 | D112: 2020 | E112: 8 | F112: 8 | G112: 44044 | H112: 44074 | L112: plan | M112: dfzfxjh | N112: ocr | O112: https://www.celma.org.cn/dfzfxjh/48174.jhtml | P112: 未找到再融资债券计划发行规模(表2-1); 未找到新增一般/专项债券计划发行规模(表2-2); 本行来自OCR识别，数值型字段准确性需人工核对
A113: 2020年云南省政府债券发行结果及发行计划（截至2020年7月20日） | B113: 44033 | C113: 云南省 | D113: 2020 | E113: 7 | F113: 7 | G113: 44013 | H113: 44043 | L113: plan | M113: dfzfxjh | N113: ocr | O113: https://www.celma.org.cn/dfzfxjh/48180.jhtml | P113: 未找到再融资债券计划发行规模(表2-1); 未找到新增一般/专项债券计划发行规模(表2-2); 本行来自OCR识别，数值型字段准确性需人工核对
A114: 2020年05月福建省债券发行安排公开 | B114: 44033 | C114: 福建省 | D114: 2020 | E114: 5 | F114: 5 | G114: 43952 | H114: 43982 | I114: 0 | J114: 300 | K114: 131.5 | L114: plan | M114: dfzfxjh | N114: text | O114: https://www.celma.org.cn/dfzfxjh/48194.jhtml
A115: 2020年05月广东省债券发行安排公开 | B115: 44034 | C115: 广东省 | D115: 2020 | E115: 5 | F115: 5 | G115: 43952 | H115: 43982 | I115: 0 | J115: 712 | K115: 323.1 | L115: plan | M115: dfzfxjh | N115: text | O115: https://www.celma.org.cn/dfzfxjh/48241.jhtml
A116: 2020年05月青岛市债券发行安排公开 | B116: 44042 | C116: 青岛市 | D116: 2020 | E116: 5 | F116: 5 | G116: 43952 | H116: 43982 | I116: 38.6 | J116: 110 | K116: 3.17 | L116: plan | M116: dfzfxjh | N116: text | O116: https://www.celma.org.cn/dfzfxjh/48313.jhtml
A117: 2020年06月青岛市债券发行安排公开 | B117: 44042 | C117: 青岛市 | D117: 2020 | E117: 6 | F117: 6 | G117: 43983 | H117: 44012 | I117: 0 | J117: 0 | K117: 8.4 | L117: plan | M117: dfzfxjh | N117: text | O117: https://www.celma.org.cn/dfzfxjh/48314.jhtml
A118: 2020年08月江西省债券发行安排公开 | B118: 44042 | C118: 江西省 | D118: 2020 | E118: 8 | F118: 8 | G118: 44044 | H118: 44074 | I118: 129.88 | J118: 484 | K118: 38.15 | L118: plan | M118: dfzfxjh | N118: text | O118: https://www.celma.org.cn/dfzfxjh/48332.jhtml
A119: 2020年07月青岛市债券发行安排公开 | B119: 44042 | C119: 青岛市 | D119: 2020 | E119: 7 | F119: 7 | G119: 44013 | H119: 44043 | I119: 0 | J119: 0 | K119: 7.11 | L119: plan | M119: dfzfxjh | N119: text | O119: https://www.celma.org.cn/dfzfxjh/48317.jhtml
A120: 2020年07月新疆生产建设兵团债券发行安排公开 | B120: 44045 | C120: 新疆生产建设兵团 | D120: 2020 | E120: 7 | F120: 7 | G120: 44013 | H120: 44043 | I120: 11.26 | J120: 12.7 | K120: 0 | L120: plan | M120: dfzfxjh | N120: text | O120: https://www.celma.org.cn/dfzfxjh/48356.jhtml
A121: 2020年02月陕西省债券发行安排公开 | B121: 44046 | C121: 陕西省 | D121: 2020 | E121: 2 | F121: 2 | G121: 43862 | H121: 43890 | I121: 0 | J121: 61.31 | K121: 0 | L121: plan | M121: dfzfxjh | N121: text | O121: https://www.celma.org.cn/dfzfxjh/48386.jhtml
A122: 2020年03月陕西省债券发行安排公开 | B122: 44046 | C122: 陕西省 | D122: 2020 | E122: 3 | F122: 3 | G122: 43891 | H122: 43921 | I122: 93.55 | J122: 42.2 | K122: 0 | L122: plan | M122: dfzfxjh | N122: text | O122: https://www.celma.org.cn/dfzfxjh/48387.jhtml
A123: 2020年04月陕西省债券发行安排公开 | B123: 44046 | C123: 陕西省 | D123: 2020 | E123: 4 | F123: 4 | G123: 43922 | H123: 43951 | I123: 0 | J123: 0 | K123: 0 | L123: plan | M123: dfzfxjh | N123: text | O123: https://www.celma.org.cn/dfzfxjh/48388.jhtml
A124: 2020年06月陕西省债券发行安排公开 | B124: 44046 | C124: 陕西省 | D124: 2020 | E124: 6 | F124: 6 | G124: 43983 | H124: 44012 | I124: 34 | J124: 0 | K124: 88.38 | L124: plan | M124: dfzfxjh | N124: text | O124: https://www.celma.org.cn/dfzfxjh/48389.jhtml
A125: 2020年01月陕西省债券发行安排公开 | B125: 44046 | C125: 陕西省 | D125: 2020 | E125: 1 | F125: 1 | G125: 43831 | H125: 43861 | I125: 60 | J125: 40 | K125: 0 | L125: plan | M125: dfzfxjh | N125: text | O125: https://www.celma.org.cn/dfzfxjh/48385.jhtml
...

Sheet 公式校验版
A1: 公告网页标题 | B1: 公告发布日期 | C1: 所属省份/计划单列市 | D1: 债券类型 | E1: 再融资子类(一般/专项) | F1: 发行期限 | G1: 批次(标题) | H1: 期数 | I1: 期数范围(合并行) | J1: 发行规模(亿元) | K1: 招投标日期(基准发行日) | L1: 基准日口径 | M1: 起息日 | N1: 上市流通日 | O1: 自然日间隔 | P1: 工作日间隔 | Q1: 发文号 | R1: 债券名称(PDF表格原文) | S1: 文件类型 | T1: 数据来源栏目 | U1: 提取方式(text/ocr/failed) | V1: 公告链接 | W1: 提取备注/警告
A2: 2018年江西省政府专项债券（十二期）信息披露文件 | B2: 43455 | C2: 江西省 | D2: 专项新增债券 | M2: 43462 | O2: =IF(OR(K2="",B2=""),"",K2-B2) | P2: =IF(OR(K2="",B2=""),"",NETWORKDAYS(B2+1,K2,法定节假日辅助表!$A$2:$A$142)+COUNTIFS(法定节假日辅助表!$B$2:$B$52,">="&(B2+1),法定节假日辅助表!$B$2:$B$52,"<="&K2)) | S2: announcement | T2: fxqgg | U2: ocr | V2: https://www.celma.org.cn/fxqgg/42599.jhtml | W2: 未能从表格解析分期明细，本行为整篇公告级别的合并记录; 未找到招标日期; 本行来自OCR识别，数值型字段准确性需人工核对
A3: 2018年黑龙江省政府一般债券（十一期）信息披露文件 | B3: 43455 | C3: 黑龙江省 | D3: 一般新增债券 | K3: 43462 | L3: 招标日 | M3: 43467 | O3: =IF(OR(K3="",B3=""),"",K3-B3) | P3: =IF(OR(K3="",B3=""),"",NETWORKDAYS(B3+1,K3,法定节假日辅助表!$A$2:$A$142)+COUNTIFS(法定节假日辅助表!$B$2:$B$52,">="&(B3+1),法定节假日辅助表!$B$2:$B$52,"<="&K3)) | S3: announcement | T3: fxqgg | U3: ocr | V3: https://www.celma.org.cn/fxqgg/42600.jhtml | W3: 未能从表格解析分期明细，本行为整篇公告级别的合并记录; 本行来自OCR识别，数值型字段准确性需人工核对
A4: 2018年浙江省（温州市、衢州市、台州市、丽水市）棚改专项债券（一期）--2018年浙江省政府专项债券（十二期） | B4: 43455 | C4: 浙江省 | D4: 专项新增债券 | J4: 22 | M4: 43462 | O4: =IF(OR(K4="",B4=""),"",K4-B4) | P4: =IF(OR(K4="",B4=""),"",NETWORKDAYS(B4+1,K4,法定节假日辅助表!$A$2:$A$142)+COUNTIFS(法定节假日辅助表!$B$2:$B$52,">="&(B4+1),法定节假日辅助表!$B$2:$B$52,"<="&K4)) | S4: announcement | T4: fxqgg | U4: ocr | V4: https://www.celma.org.cn/fxqgg/39652.jhtml | W4: 未能从表格解析分期明细，本行为整篇公告级别的合并记录; 未找到招标日期; 本行来自OCR识别，数值型字段准确性需人工核对
A5: 2018年江西省政府一般债券（十期）信息披露文件 | B5: 43455 | C5: 江西省 | D5: 一般新增债券 | M5: 43462 | O5: =IF(OR(K5="",B5=""),"",K5-B5) | P5: =IF(OR(K5="",B5=""),"",NETWORKDAYS(B5+1,K5,法定节假日辅助表!$A$2:$A$142)+COUNTIFS(法定节假日辅助表!$B$2:$B$52,">="&(B5+1),法定节假日辅助表!$B$2:$B$52,"<="&K5)) | S5: announcement | T5: fxqgg | U5: ocr | V5: https://www.celma.org.cn/fxqgg/44133.jhtml | W5: 未能从表格解析分期明细，本行为整篇公告级别的合并记录; 未找到招标日期; 本行来自OCR识别，数值型字段准确性需人工核对
A6: 2018年浙江省（绍兴市、衢州市）土地储备专项债券（一期）--2018年浙江省政府专项债券（十一期）信息披露文件 | B6: 43455 | C6: 浙江省 | D6: 专项新增债券 | J6: 18.6 | M6: 43462 | O6: =IF(OR(K6="",B6=""),"",K6-B6) | P6: =IF(OR(K6="",B6=""),"",NETWORKDAYS(B6+1,K6,法定节假日辅助表!$A$2:$A$142)+COUNTIFS(法定节假日辅助表!$B$2:$B$52,">="&(B6+1),法定节假日辅助表!$B$2:$B$52,"<="&K6)) | S6: announcement | T6: fxqgg | U6: ocr | V6: https://www.celma.org.cn/fxqgg/44061.jhtml | W6: 未能从表格解析分期明细，本行为整篇公告级别的合并记录; 未找到招标日期; 本行来自OCR识别，数值型字段准确性需人工核对
A7: 2018年新疆维吾尔自治区政府专项债券（十八期至十九期）招投标书 | B7: 43458 | C7: 新疆维吾尔自治区 | D7: 专项新增债券 | O7: =IF(OR(K7="",B7=""),"",K7-B7) | P7: =IF(OR(K7="",B7=""),"",NETWORKDAYS(B7+1,K7,法定节假日辅助表!$A$2:$A$142)+COUNTIFS(法定节假日辅助表!$B$2:$B$52,">="&(B7+1),法定节假日辅助表!$B$2:$B$52,"<="&K7)) | S7: announcement | T7: fxqgg | U7: text | V7: https://www.celma.org.cn/fxqgg/42595.jhtml | W7: 未能从表格解析分期明细，本行为整篇公告级别的合并记录; 未找到招标日期
A8: 2018年第四批青海省政府一般债券招投标书 | B8: 43458 | C8: 青海省 | D8: 一般新增债券 | G8: 4 | O8: =IF(OR(K8="",B8=""),"",K8-B8) | P8: =IF(OR(K8="",B8=""),"",NETWORKDAYS(B8+1,K8,法定节假日辅助表!$A$2:$A$142)+COUNTIFS(法定节假日辅助表!$B$2:$B$52,">="&(B8+1),法定节假日辅助表!$B$2:$B$52,"<="&K8)) | S8: announcement | T8: fxqgg | U8: ocr | V8: https://www.celma.org.cn/fxqgg/42594.jhtml | W8: 未能从表格解析分期明细，本行为整篇公告级别的合并记录; 未找到招标日期; 本行来自OCR识别，数值型字段准确性需人工核对
A9: 2018年第六批天津市政府专项债券信息披露文件 | B9: 43458 | C9: 天津市 | D9: 专项新增债券 | F9: 7Y | G9: 6 | H9: 2 | J9: 5 | K9: 43461 | L9: 招标日 | M9: 43462 | O9: =IF(OR(K9="",B9=""),"",K9-B9) | P9: =IF(OR(K9="",B9=""),"",NETWORKDAYS(B9+1,K9,法定节假日辅助表!$A$2:$A$142)+COUNTIFS(法定节假日辅助表!$B$2:$B$52,">="&(B9+1),法定节假日辅助表!$B$2:$B$52,"<="&K9)) | Q9: 津财库〔2018〕117 号 | R9: 2018年天津市宁河区生态保护专项债券（二期）‐2018年天津市政府专项债券（三十二期） | S9: announcement | T9: fxqgg | U9: text | V9: https://www.celma.org.cn/fxqgg/38671.jhtml
A10: 2018年第六批天津市政府专项债券信息披露文件 | B10: 43458 | C10: 天津市 | D10: 专项新增债券 | F10: 5Y | G10: 6 | H10: 3 | J10: 3 | K10: 43461 | L10: 招标日 | M10: 43462 | O10: =IF(OR(K10="",B10=""),"",K10-B10) | P10: =IF(OR(K10="",B10=""),"",NETWORKDAYS(B10+1,K10,法定节假日辅助表!$A$2:$A$142)+COUNTIFS(法定节假日辅助表!$B$2:$B$52,">="&(B10+1),法定节假日辅助表!$B$2:$B$52,"<="&K10)) | Q10: 津财库〔2018〕117 号 | R10: 2018年天津市滨海新区土地储备专项债券（三期）‐2018年天津市政府专项债券（三十四期） | S10: announcement | T10: fxqgg | U10: text | V10: https://www.celma.org.cn/fxqgg/38671.jhtml
A11: 2018年青岛市政府专项债券（十期）信息披露文件 | B11: 43459 | C11: 青岛市 | D11: 专项新增债券 | M11: 43462 | O11: =IF(OR(K11="",B11=""),"",K11-B11) | P11: =IF(OR(K11="",B11=""),"",NETWORKDAYS(B11+1,K11,法定节假日辅助表!$A$2:$A$142)+COUNTIFS(法定节假日辅助表!$B$2:$B$52,">="&(B11+1),法定节假日辅助表!$B$2:$B$52,"<="&K11)) | S11: announcement | T11: fxqgg | U11: ocr | V11: https://www.celma.org.cn/fxqgg/41570.jhtml | W11: 未能从表格解析分期明细，本行为整篇公告级别的合并记录; 未找到招标日期; 本行来自OCR识别，数值型字段准确性需人工核对
A12: 2018年山东省政府一般债券（九期）、专项债券（十一期）招投标文件 | B12: 43459 | C12: 山东省 | D12: 专项新增债券 | O12: =IF(OR(K12="",B12=""),"",K12-B12) | P12: =IF(OR(K12="",B12=""),"",NETWORKDAYS(B12+1,K12,法定节假日辅助表!$A$2:$A$142)+COUNTIFS(法定节假日辅助表!$B$2:$B$52,">="&(B12+1),法定节假日辅助表!$B$2:$B$52,"<="&K12)) | S12: announcement | T12: fxqgg | U12: ocr | V12: https://www.celma.org.cn/fxqgg/37746.jhtml | W12: 未能从表格解析分期明细，本行为整篇公告级别的合并记录; 未找到招标日期; 本行来自OCR识别，数值型字段准确性需人工核对
A13: 2018年青岛市政府一般债券（四期）信息披露文件 | B13: 43459 | C13: 青岛市 | D13: 一般新增债券 | M13: 43462 | O13: =IF(OR(K13="",B13=""),"",K13-B13) | P13: =IF(OR(K13="",B13=""),"",NETWORKDAYS(B13+1,K13,法定节假日辅助表!$A$2:$A$142)+COUNTIFS(法定节假日辅助表!$B$2:$B$52,">="&(B13+1),法定节假日辅助表!$B$2:$B$52,"<="&K13)) | S13: announcement | T13: fxqgg | U13: ocr | V13: https://www.celma.org.cn/fxqgg/37745.jhtml | W13: 未能从表格解析分期明细，本行为整篇公告级别的合并记录; 未找到招标日期; 本行来自OCR识别，数值型字段准确性需人工核对
A14: 2018年广西壮族自治区政府专项债券（十四期）招投标书 | B14: 43461 | C14: 广西壮族自治区 | D14: 专项新增债券 | O14: =IF(OR(K14="",B14=""),"",K14-B14) | P14: =IF(OR(K14="",B14=""),"",NETWORKDAYS(B14+1,K14,法定节假日辅助表!$A$2:$A$142)+COUNTIFS(法定节假日辅助表!$B$2:$B$52,">="&(B14+1),法定节假日辅助表!$B$2:$B$52,"<="&K14)) | Q14: 桂财库〔2018〕118 号 | S14: announcement | T14: fxqgg | U14: text | V14: https://www.celma.org.cn/fxqgg/41569.jhtml | W14: 未能从表格解析分期明细，本行为整篇公告级别的合并记录; 未找到招标日期
A15: 江西省地方政府债券招投标书（专项债券（十二期）） | B15: 43461 | C15: 江西省 | D15: 专项新增债券 | O15: =IF(OR(K15="",B15=""),"",K15-B15) | P15: =IF(OR(K15="",B15=""),"",NETWORKDAYS(B15+1,K15,法定节假日辅助表!$A$2:$A$142)+COUNTIFS(法定节假日辅助表!$B$2:$B$52,">="&(B15+1),法定节假日辅助表!$B$2:$B$52,"<="&K15)) | S15: announcement | T15: fxqgg | U15: ocr | V15: https://www.celma.org.cn/fxqgg/39648.jhtml | W15: 未能从表格解析分期明细，本行为整篇公告级别的合并记录; 未找到招标日期; 本行来自OCR识别，数值型字段准确性需人工核对
A16: 青岛市地方政府债券招投标书（18青岛13-14） | B16: 43461 | C16: 青岛市 | O16: =IF(OR(K16="",B16=""),"",K16-B16) | P16: =IF(OR(K16="",B16=""),"",NETWORKDAYS(B16+1,K16,法定节假日辅助表!$A$2:$A$142)+COUNTIFS(法定节假日辅助表!$B$2:$B$52,">="&(B16+1),法定节假日辅助表!$B$2:$B$52,"<="&K16)) | S16: announcement | T16: fxqgg | U16: ocr | V16: https://www.celma.org.cn/fxqgg/38668.jhtml | W16: 未能从表格解析分期明细，本行为整篇公告级别的合并记录; 标题含多品种或无法识别品种，请查看PDF人工拆分; 未找到招标日期; 本行来自OCR识别，数值型字段准确性需人工核对
A17: 2018年浙江省政府专项债券（十一-十二期）招投标书 | B17: 43461 | C17: 浙江省 | D17: 专项新增债券 | O17: =IF(OR(K17="",B17=""),"",K17-B17) | P17: =IF(OR(K17="",B17=""),"",NETWORKDAYS(B17+1,K17,法定节假日辅助表!$A$2:$A$142)+COUNTIFS(法定节假日辅助表!$B$2:$B$52,">="&(B17+1),法定节假日辅助表!$B$2:$B$52,"<="&K17)) | S17: announcement | T17: fxqgg | U17: ocr | V17: https://www.celma.org.cn/fxqgg/41568.jhtml | W17: 未能从表格解析分期明细，本行为整篇公告级别的合并记录; 未找到招标日期; 本行来自OCR识别，数值型字段准确性需人工核对
A18: 2018年广西壮族自治区政府一般债券（八期）招投标书 | B18: 43461 | C18: 广西壮族自治区 | D18: 一般新增债券 | O18: =IF(OR(K18="",B18=""),"",K18-B18) | P18: =IF(OR(K18="",B18=""),"",NETWORKDAYS(B18+1,K18,法定节假日辅助表!$A$2:$A$142)+COUNTIFS(法定节假日辅助表!$B$2:$B$52,">="&(B18+1),法定节假日辅助表!$B$2:$B$52,"<="&K18)) | Q18: 桂财库〔2018〕117 号 | S18: announcement | T18: fxqgg | U18: text | V18: https://www.celma.org.cn/fxqgg/39649.jhtml | W18: 未能从表格解析分期明细，本行为整篇公告级别的合并记录; 未找到招标日期
A19: 江西省地方政府债券招投标书（一般债券（十期）） | B19: 43461 | C19: 江西省 | D19: 一般新增债券 | O19: =IF(OR(K19="",B19=""),"",K19-B19) | P19: =IF(OR(K19="",B19=""),"",NETWORKDAYS(B19+1,K19,法定节假日辅助表!$A$2:$A$142)+COUNTIFS(法定节假日辅助表!$B$2:$B$52,">="&(B19+1),法定节假日辅助表!$B$2:$B$52,"<="&K19)) | S19: announcement | T19: fxqgg | U19: ocr | V19: https://www.celma.org.cn/fxqgg/38669.jhtml | W19: 未能从表格解析分期明细，本行为整篇公告级别的合并记录; 未找到招标日期; 本行来自OCR识别，数值型字段准确性需人工核对
A20: 2018年第六批天津市政府专项债券招投标书 | B20: 43461 | C20: 天津市 | D20: 专项新增债券 | G20: 6 | O20: =IF(OR(K20="",B20=""),"",K20-B20) | P20: =IF(OR(K20="",B20=""),"",NETWORKDAYS(B20+1,K20,法定节假日辅助表!$A$2:$A$142)+COUNTIFS(法定节假日辅助表!$B$2:$B$52,">="&(B20+1),法定节假日辅助表!$B$2:$B$52,"<="&K20)) | Q20: 津财库〔2018〕40 号 | S20: announcement | T20: fxqgg | U20: text | V20: https://www.celma.org.cn/fxqgg/44130.jhtml | W20: 未能从表格解析分期明细，本行为整篇公告级别的合并记录; 未找到招标日期
A21: 黑龙江省地方政府一般债券招投标书（18黑龙江债20） | B21: 43462 | C21: 黑龙江省 | D21: 一般新增债券 | O21: =IF(OR(K21="",B21=""),"",K21-B21) | P21: =IF(OR(K21="",B21=""),"",NETWORKDAYS(B21+1,K21,法定节假日辅助表!$A$2:$A$142)+COUNTIFS(法定节假日辅助表!$B$2:$B$52,">="&(B21+1),法定节假日辅助表!$B$2:$B$52,"<="&K21)) | S21: announcement | T21: fxqgg | U21: ocr | V21: https://www.celma.org.cn/fxqgg/44129.jhtml | W21: 未能从表格解析分期明细，本行为整篇公告级别的合并记录; 未找到招标日期; 本行来自OCR识别，数值型字段准确性需人工核对
A22: 黑龙江省地方政府专项债券招投标书（18黑龙江债21） | B22: 43462 | C22: 黑龙江省 | D22: 专项新增债券 | O22: =IF(OR(K22="",B22=""),"",K22-B22) | P22: =IF(OR(K22="",B22=""),"",NETWORKDAYS(B22+1,K22,法定节假日辅助表!$A$2:$A$142)+COUNTIFS(法定节假日辅助表!$B$2:$B$52,">="&(B22+1),法定节假日辅助表!$B$2:$B$52,"<="&K22)) | S22: announcement | T22: fxqgg | U22: ocr | V22: https://www.celma.org.cn/fxqgg/44058.jhtml | W22: 未能从表格解析分期明细，本行为整篇公告级别的合并记录; 未找到招标日期; 本行来自OCR识别，数值型字段准确性需人工核对
A23: 2019年新疆维吾尔自治区政府一般债券（一期）信息披露文件 | B23: 43479 | C23: 新疆维吾尔自治区 | D23: 一般新增债券 | K23: 43486 | L23: 招标日 | O23: =IF(OR(K23="",B23=""),"",K23-B23) | P23: =IF(OR(K23="",B23=""),"",NETWORKDAYS(B23+1,K23,法定节假日辅助表!$A$2:$A$142)+COUNTIFS(法定节假日辅助表!$B$2:$B$52,">="&(B23+1),法定节假日辅助表!$B$2:$B$52,"<="&K23)) | S23: announcement | T23: fxqgg | U23: text | V23: https://www.celma.org.cn/fxqgg/41649.jhtml | W23: 未能从表格解析分期明细，本行为整篇公告级别的合并记录
A24: 2019年河南省洛阳市城市轨道交通1号线专项债券信息披露文件 | B24: 43480 | C24: 河南省 | D24: 专项新增债券 | O24: =IF(OR(K24="",B24=""),"",K24-B24) | P24: =IF(OR(K24="",B24=""),"",NETWORKDAYS(B24+1,K24,法定节假日辅助表!$A$2:$A$142)+COUNTIFS(法定节假日辅助表!$B$2:$B$52,">="&(B24+1),法定节假日辅助表!$B$2:$B$52,"<="&K24)) | S24: announcement | T24: fxqgg | U24: text | V24: https://www.celma.org.cn/fxqgg/39647.jhtml | W24: 未能从表格解析分期明细，本行为整篇公告级别的合并记录; 未找到招标日期
A25: 2019年第一批河南省政府区域医疗专项债券信息披露文件 | B25: 43480 | C25: 河南省 | D25: 专项新增债券 | G25: 1 | O25: =IF(OR(K25="",B25=""),"",K25-B25) | P25: =IF(OR(K25="",B25=""),"",NETWORKDAYS(B25+1,K25,法定节假日辅助表!$A$2:$A$142)+COUNTIFS(法定节假日辅助表!$B$2:$B$52,">="&(B25+1),法定节假日辅助表!$B$2:$B$52,"<="&K25)) | S25: announcement | T25: fxqgg | U25: text | V25: https://www.celma.org.cn/fxqgg/41564.jhtml | W25: 未能从表格解析分期明细，本行为整篇公告级别的合并记录; 未找到招标日期
A26: 2019年河南省政府一般债券（一期）信息披露文件 | B26: 43480 | C26: 河南省 | D26: 一般新增债券 | M26: 43488 | O26: =IF(OR(K26="",B26=""),"",K26-B26) | P26: =IF(OR(K26="",B26=""),"",NETWORKDAYS(B26+1,K26,法定节假日辅助表!$A$2:$A$142)+COUNTIFS(法定节假日辅助表!$B$2:$B$52,">="&(B26+1),法定节假日辅助表!$B$2:$B$52,"<="&K26)) | S26: announcement | T26: fxqgg | U26: text | V26: https://www.celma.org.cn/fxqgg/38664.jhtml | W26: 未能从表格解析分期明细，本行为整篇公告级别的合并记录; 未找到招标日期
A27: 2019年第一批河南省政府土地储备专项债券信息披露文件 | B27: 43480 | C27: 河南省 | D27: 专项新增债券 | G27: 1 | O27: =IF(OR(K27="",B27=""),"",K27-B27) | P27: =IF(OR(K27="",B27=""),"",NETWORKDAYS(B27+1,K27,法定节假日辅助表!$A$2:$A$142)+COUNTIFS(法定节假日辅助表!$B$2:$B$52,">="&(B27+1),法定节假日辅助表!$B$2:$B$52,"<="&K27)) | S27: announcement | T27: fxqgg | U27: text | V27: https://www.celma.org.cn/fxqgg/41391.jhtml | W27: 未能从表格解析分期明细，本行为整篇公告级别的合并记录; 未找到招标日期
A28: 2019年第一批河南省政府棚户区改造专项债券信息披露文件 | B28: 43480 | C28: 河南省 | D28: 专项新增债券 | G28: 1 | O28: =IF(OR(K28="",B28=""),"",K28-B28) | P28: =IF(OR(K28="",B28=""),"",NETWORKDAYS(B28+1,K28,法定节假日辅助表!$A$2:$A$142)+COUNTIFS(法定节假日辅助表!$B$2:$B$52,">="&(B28+1),法定节假日辅助表!$B$2:$B$52,"<="&K28)) | S28: announcement | T28: fxqgg | U28: text | V28: https://www.celma.org.cn/fxqgg/44041.jhtml | W28: 未能从表格解析分期明细，本行为整篇公告级别的合并记录; 未找到招标日期
A29: 2019年新疆维吾尔自治区（新疆生产建设兵团）专项债券（一期）发行文件 | B29: 43481 | C29: 新疆维吾尔自治区 | D29: 专项新增债券 | J29: 2 | K29: 43488 | L29: 招标日 | M29: 43489 | O29: =IF(OR(K29="",B29=""),"",K29-B29) | P29: =IF(OR(K29="",B29=""),"",NETWORKDAYS(B29+1,K29,法定节假日辅助表!$A$2:$A$142)+COUNTIFS(法定节假日辅助表!$B$2:$B$52,">="&(B29+1),法定节假日辅助表!$B$2:$B$52,"<="&K29)) | S29: announcement | T29: fxqgg | U29: ocr | V29: https://www.celma.org.cn/fxqgg/43755.jhtml | W29: 未能从表格解析分期明细，本行为整篇公告级别的合并记录; 本行来自OCR识别，数值型字段准确性需人工核对
A30: 2019年新疆维吾尔自治区（新疆生产建设兵团）一般债券（一至二期）发行文件 | B30: 43481 | C30: 新疆维吾尔自治区 | D30: 一般新增债券 | J30: 11.2 | K30: 43488 | L30: 招标日 | M30: 43489 | O30: =IF(OR(K30="",B30=""),"",K30-B30) | P30: =IF(OR(K30="",B30=""),"",NETWORKDAYS(B30+1,K30,法定节假日辅助表!$A$2:$A$142)+COUNTIFS(法定节假日辅助表!$B$2:$B$52,">="&(B30+1),法定节假日辅助表!$B$2:$B$52,"<="&K30)) | S30: announcement | T30: fxqgg | U30: ocr | V30: https://www.celma.org.cn/fxqgg/40491.jhtml | W30: 未能从表格解析分期明细，本行为整篇公告级别的合并记录; 本行来自OCR识别，数值型字段准确性需人工核对
A31: 2019年新疆维吾尔自治区（新疆生产建设兵团）土地储备专项债券（一期）—2019年新疆维吾尔自治区（新疆生产建设兵团）专项债券（一期）发行文件 | B31: 43481 | C31: 新疆维吾尔自治区 | D31: 专项新增债券 | J31: 10 | K31: 43488 | L31: 招标日 | M31: 43489 | O31: =IF(OR(K31="",B31=""),"",K31-B31) | P31: =IF(OR(K31="",B31=""),"",NETWORKDAYS(B31+1,K31,法定节假日辅助表!$A$2:$A$142)+COUNTIFS(法定节假日辅助表!$B$2:$B$52,">="&(B31+1),法定节假日辅助表!$B$2:$B$52,"<="&K31)) | S31: announcement | T31: fxqgg | U31: ocr | V31: https://www.celma.org.cn/fxqgg/41388.jhtml | W31: 未能从表格解析分期明细，本行为整篇公告级别的合并记录; 本行来自OCR识别，数值型字段准确性需人工核对
A32: 2019年山东省政府一般债券一期信息披露文件 | B32: 43482 | C32: 山东省 | D32: 一般新增债券 | O32: =IF(OR(K32="",B32=""),"",K32-B32) | P32: =IF(OR(K32="",B32=""),"",NETWORKDAYS(B32+1,K32,法定节假日辅助表!$A$2:$A$142)+COUNTIFS(法定节假日辅助表!$B$2:$B$52,">="&(B32+1),法定节假日辅助表!$B$2:$B$52,"<="&K32)) | S32: announcement | T32: fxqgg | U32: ocr | V32: https://www.celma.org.cn/fxqgg/43622.jhtml | W32: 未能从表格解析分期明细，本行为整篇公告级别的合并记录; 未找到招标日期; 本行来自OCR识别，数值型字段准确性需人工核对
A33: 2019年山东省政府专项债券一期-四期信息披露文件 | B33: 43482 | C33: 山东省 | D33: 专项新增债券 | M33: 43490 | O33: =IF(OR(K33="",B33=""),"",K33-B33) | P33: =IF(OR(K33="",B33=""),"",NETWORKDAYS(B33+1,K33,法定节假日辅助表!$A$2:$A$142)+COUNTIFS(法定节假日辅助表!$B$2:$B$52,">="&(B33+1),法定节假日辅助表!$B$2:$B$52,"<="&K33)) | S33: announcement | T33: fxqgg | U33: ocr | V33: https://www.celma.org.cn/fxqgg/43692.jhtml | W33: 未能从表格解析分期明细，本行为整篇公告级别的合并记录; 未找到招标日期; 本行来自OCR识别，数值型字段准确性需人工核对
A34: 2019年第一批福建省政府一般债券发行信息披露文件 | B34: 43482 | C34: 福建省 | D34: 一般新增债券 | G34: 1 | M34: 43490 | O34: =IF(OR(K34="",B34=""),"",K34-B34) | P34: =IF(OR(K34="",B34=""),"",NETWORKDAYS(B34+1,K34,法定节假日辅助表!$A$2:$A$142)+COUNTIFS(法定节假日辅助表!$B$2:$B$52,">="&(B34+1),法定节假日辅助表!$B$2:$B$52,"<="&K34)) | S34: announcement | T34: fxqgg | U34: ocr | V34: https://www.celma.org.cn/fxqgg/43694.jhtml | W34: 未能从表格解析分期明细，本行为整篇公告级别的合并记录; 未找到招标日期; 本行来自OCR识别，数值型字段准确性需人工核对
A35: 2019年河北省本级收费公路专项债券信息披露文件 | B35: 43483 | C35: 河北省 | D35: 专项新增债券 | J35: 30 | K35: 43490 | L35: 招标日 | M35: 43493 | O35: =IF(OR(K35="",B35=""),"",K35-B35) | P35: =IF(OR(K35="",B35=""),"",NETWORKDAYS(B35+1,K35,法定节假日辅助表!$A$2:$A$142)+COUNTIFS(法定节假日辅助表!$B$2:$B$52,">="&(B35+1),法定节假日辅助表!$B$2:$B$52,"<="&K35)) | S35: announcement | T35: fxqgg | U35: ocr | V35: https://www.celma.org.cn/fxqgg/41400.jhtml | W35: 未能从表格解析分期明细，本行为整篇公告级别的合并记录; 本行来自OCR识别，数值型字段准确性需人工核对
A36: 2019年第一批天津市政府收费公路专项债券信息披露文件 | B36: 43483 | C36: 天津市 | D36: 专项新增债券 | F36: 15Y | G36: 1 | H36: 1 | J36: 4 | L36: 招标日 | M36: 43493 | O36: =IF(OR(K36="",B36=""),"",K36-B36) | P36: =IF(OR(K36="",B36=""),"",NETWORKDAYS(B36+1,K36,法定节假日辅助表!$A$2:$A$142)+COUNTIFS(法定节假日辅助表!$B$2:$B$52,">="&(B36+1),法定节假日辅助表!$B$2:$B$52,"<="&K36)) | Q36: 津财库〔2019〕7 号 | R36: 2019年天津市政府收费公路专项债券（一期）-2019年天津市政府专项债券（二期） | S36: announcement | T36: fxqgg | U36: text | V36: https://www.celma.org.cn/fxqgg/43636.jhtml | W36: 未找到招标日期
A37: 2019年第一批天津市政府城乡发展专项债券信息披露文件 | B37: 43483 | C37: 天津市 | D37: 专项新增债券 | F37: 10Y | G37: 1 | H37: 2 | J37: 10 | L37: 招标日 | M37: 43493 | O37: =IF(OR(K37="",B37=""),"",K37-B37) | P37: =IF(OR(K37="",B37=""),"",NETWORKDAYS(B37+1,K37,法定节假日辅助表!$A$2:$A$142)+COUNTIFS(法定节假日辅助表!$B$2:$B$52,">="&(B37+1),法定节假日辅助表!$B$2:$B$52,"<="&K37)) | Q37: 津财库〔2019〕7 号 | R37: 2019年天津市政府生态保护专项债券（二期）-2019年天津市政府专项债券（四期） | S37: announcement | T37: fxqgg | U37: text | V37: https://www.celma.org.cn/fxqgg/37518.jhtml | W37: 未找到招标日期
A38: 2019年第一批天津市政府一般债券信息披露文件 | B38: 43483 | C38: 天津市 | D38: 一般新增债券 | F38: 20Y | G38: 1 | H38: 3 | J38: 14 | L38: 招标日 | M38: 43493 | O38: =IF(OR(K38="",B38=""),"",K38-B38) | P38: =IF(OR(K38="",B38=""),"",NETWORKDAYS(B38+1,K38,法定节假日辅助表!$A$2:$A$142)+COUNTIFS(法定节假日辅助表!$B$2:$B$52,">="&(B38+1),法定节假日辅助表!$B$2:$B$52,"<="&K38)) | Q38: 津财库〔2019〕6 号 | R38: 2019年天津市政府一般债券（三期） | S38: announcement | T38: fxqgg | U38: text | V38: https://www.celma.org.cn/fxqgg/43268.jhtml | W38: 未找到招标日期
A39: 2019年第一批天津市政府城乡发展专项债券信息披露文件 | B39: 43483 | C39: 天津市 | D39: 专项新增债券 | F39: 3Y | G39: 1 | H39: 1 | J39: 5 | L39: 招标日 | M39: 43493 | O39: =IF(OR(K39="",B39=""),"",K39-B39) | P39: =IF(OR(K39="",B39=""),"",NETWORKDAYS(B39+1,K39,法定节假日辅助表!$A$2:$A$142)+COUNTIFS(法定节假日辅助表!$B$2:$B$52,">="&(B39+1),法定节假日辅助表!$B$2:$B$52,"<="&K39)) | Q39: 津财库〔2019〕7 号 | R39: 2019年天津市政府土地储备专项债券（一期）-2019年天津市政府专项债券（五期） | S39: announcement | T39: fxqgg | U39: text | V39: https://www.celma.org.cn/fxqgg/37518.jhtml | W39: 未找到招标日期
A40: 2019年第一批天津市政府城乡发展专项债券信息披露文件 | B40: 43483 | C40: 天津市 | D40: 专项新增债券 | F40: 5Y | G40: 1 | H40: 1 | J40: 27 | L40: 招标日 | M40: 43493 | O40: =IF(OR(K40="",B40=""),"",K40-B40) | P40: =IF(OR(K40="",B40=""),"",NETWORKDAYS(B40+1,K40,法定节假日辅助表!$A$2:$A$142)+COUNTIFS(法定节假日辅助表!$B$2:$B$52,">="&(B40+1),法定节假日辅助表!$B$2:$B$52,"<="&K40)) | Q40: 津财库〔2019〕7 号 | R40: 2019年天津市政府城乡发展专项债券（一期）-2019年天津市政府专项债券（七期） | S40: announcement | T40: fxqgg | U40: text | V40: https://www.celma.org.cn/fxqgg/37518.jhtml | W40: 未找到招标日期
A41: 2019年第一批天津市政府土地储备专项债券信息披露文件 | B41: 43483 | C41: 天津市 | D41: 专项新增债券 | F41: 15Y | G41: 1 | H41: 1 | J41: 4 | L41: 招标日 | M41: 43493 | O41: =IF(OR(K41="",B41=""),"",K41-B41) | P41: =IF(OR(K41="",B41=""),"",NETWORKDAYS(B41+1,K41,法定节假日辅助表!$A$2:$A$142)+COUNTIFS(法定节假日辅助表!$B$2:$B$52,">="&(B41+1),法定节假日辅助表!$B$2:$B$52,"<="&K41)) | Q41: 津财库〔2019〕7 号 | R41: 2019年天津市政府收费公路专项债券（一期）-2019年天津市政府专项债券（二期） | S41: announcement | T41: fxqgg | U41: text | V41: https://www.celma.org.cn/fxqgg/40495.jhtml | W41: 未找到招标日期
A42: 2019年第一批天津市政府土地储备专项债券信息披露文件 | B42: 43483 | C42: 天津市 | D42: 专项新增债券 | F42: 10Y | G42: 1 | H42: 2 | J42: 10 | L42: 招标日 | M42: 43493 | O42: =IF(OR(K42="",B42=""),"",K42-B42) | P42: =IF(OR(K42="",B42=""),"",NETWORKDAYS(B42+1,K42,法定节假日辅助表!$A$2:$A$142)+COUNTIFS(法定节假日辅助表!$B$2:$B$52,">="&(B42+1),法定节假日辅助表!$B$2:$B$52,"<="&K42)) | Q42: 津财库〔2019〕7 号 | R42: 2019年天津市政府生态保护专项债券（二期）-2019年天津市政府专项债券（四期） | S42: announcement | T42: fxqgg | U42: text | V42: https://www.celma.org.cn/fxqgg/40495.jhtml | W42: 未找到招标日期
A43: 2019年第一批天津市政府土地储备专项债券信息披露文件 | B43: 43483 | C43: 天津市 | D43: 专项新增债券 | F43: 5Y | G43: 1 | H43: 2 | J43: 132 | L43: 招标日 | M43: 43493 | O43: =IF(OR(K43="",B43=""),"",K43-B43) | P43: =IF(OR(K43="",B43=""),"",NETWORKDAYS(B43+1,K43,法定节假日辅助表!$A$2:$A$142)+COUNTIFS(法定节假日辅助表!$B$2:$B$52,">="&(B43+1),法定节假日辅助表!$B$2:$B$52,"<="&K43)) | Q43: 津财库〔2019〕7 号 | R43: 2019年天津市政府土地储备专项债券（二期）-2019年天津市政府专项债券（六期） | S43: announcement | T43: fxqgg | U43: text | V43: https://www.celma.org.cn/fxqgg/40495.jhtml | W43: 未找到招标日期
A44: 2019年第一批天津市政府土地储备专项债券信息披露文件 | B44: 43483 | C44: 天津市 | D44: 专项新增债券 | F44: 5Y | G44: 1 | H44: 1 | J44: 27 | L44: 招标日 | M44: 43493 | O44: =IF(OR(K44="",B44=""),"",K44-B44) | P44: =IF(OR(K44="",B44=""),"",NETWORKDAYS(B44+1,K44,法定节假日辅助表!$A$2:$A$142)+COUNTIFS(法定节假日辅助表!$B$2:$B$52,">="&(B44+1),法定节假日辅助表!$B$2:$B$52,"<="&K44)) | Q44: 津财库〔2019〕7 号 | R44: 2019年天津市政府城乡发展专项债券（一期）-2019年天津市政府专项债券（七期） | S44: announcement | T44: fxqgg | U44: text | V44: https://www.celma.org.cn/fxqgg/40495.jhtml | W44: 未找到招标日期
A45: 2019年第一批天津市政府城乡发展专项债券信息披露文件 | B45: 43483 | C45: 天津市 | D45: 专项新增债券 | F45: 5Y | G45: 1 | H45: 2 | J45: 132 | L45: 招标日 | M45: 43493 | O45: =IF(OR(K45="",B45=""),"",K45-B45) | P45: =IF(OR(K45="",B45=""),"",NETWORKDAYS(B45+1,K45,法定节假日辅助表!$A$2:$A$142)+COUNTIFS(法定节假日辅助表!$B$2:$B$52,">="&(B45+1),法定节假日辅助表!$B$2:$B$52,"<="&K45)) | Q45: 津财库〔2019〕7 号 | R45: 2019年天津市政府土地储备专项债券（二期）-2019年天津市政府专项债券（六期） | S45: announcement | T45: fxqgg | U45: text | V45: https://www.celma.org.cn/fxqgg/37518.jhtml | W45: 未找到招标日期
A46: 2019年第一批天津市政府土地储备专项债券信息披露文件 | B46: 43483 | C46: 天津市 | D46: 专项新增债券 | F46: 3Y | G46: 1 | H46: 1 | J46: 5 | L46: 招标日 | M46: 43493 | O46: =IF(OR(K46="",B46=""),"",K46-B46) | P46: =IF(OR(K46="",B46=""),"",NETWORKDAYS(B46+1,K46,法定节假日辅助表!$A$2:$A$142)+COUNTIFS(法定节假日辅助表!$B$2:$B$52,">="&(B46+1),法定节假日辅助表!$B$2:$B$52,"<="&K46)) | Q46: 津财库〔2019〕7 号 | R46: 2019年天津市政府土地储备专项债券（一期）-2019年天津市政府专项债券（五期） | S46: announcement | T46: fxqgg | U46: text | V46: https://www.celma.org.cn/fxqgg/40495.jhtml | W46: 未找到招标日期
A47: 2019年第一批天津市政府城乡发展专项债券信息披露文件 | B47: 43483 | C47: 天津市 | D47: 专项新增债券 | F47: 15Y | G47: 1 | H47: 1 | J47: 4 | L47: 招标日 | M47: 43493 | O47: =IF(OR(K47="",B47=""),"",K47-B47) | P47: =IF(OR(K47="",B47=""),"",NETWORKDAYS(B47+1,K47,法定节假日辅助表!$A$2:$A$142)+COUNTIFS(法定节假日辅助表!$B$2:$B$52,">="&(B47+1),法定节假日辅助表!$B$2:$B$52,"<="&K47)) | Q47: 津财库〔2019〕7 号 | R47: 2019年天津市政府收费公路专项债券（一期）-2019年天津市政府专项债券（二期） | S47: announcement | T47: fxqgg | U47: text | V47: https://www.celma.org.cn/fxqgg/37518.jhtml | W47: 未找到招标日期
... A58: 2019年第一批天津市政府收费公路专项债券信息披露文件 | B58: 43483 | C58: 天津市 | D58: 专项新增债券 | F58: 5Y | G58: 1 | H58: 1 | J58: 27 | L58: 招标日 | M58: 43493 | O58: =IF(OR(K58="",B58=""),"",K58-B58) | P58: =IF(OR(K58="",B58=""),"",NETWORKDAYS(B58+1,K58,法定节假日辅助表!$A$2:$A$142)+COUNTIFS(法定节假日辅助表!$B$2:$B$52,">="&(B58+1),法定节假日辅助表!$B$2:$B$52,"<="&K58)) | Q58: 津财库〔2019〕7 号 | R58: 2019年天津市政府城乡发展专项债券（一期）-2019年天津市政府专项债券（七期） | S58: announcement | T58: fxqgg | U58: text | V58: https://www.celma.org.cn/fxqgg/43636.jhtml | W58: 未找到招标日期
A59: 2019年云南省土地储备专项债券（一期）—2019年云南省政府专项债券（一期）信息披露文件 | B59: 43486 | C59: 云南省 | D59: 专项新增债券 | J59: 150 | K59: 43493 | L59: 招标日 | M59: 43494 | O59: =IF(OR(K59="",B59=""),"",K59-B59) | P59: =IF(OR(K59="",B59=""),"",NETWORKDAYS(B59+1,K59,法定节假日辅助表!$A$2:$A$142)+COUNTIFS(法定节假日辅助表!$B$2:$B$52,">="&(B59+1),法定节假日辅助表!$B$2:$B$52,"<="&K59)) | Q59: 云财库〔2019〕8 号 | S59: announcement | T59: fxqgg | U59: text | V59: https://www.celma.org.cn/fxqgg/43761.jhtml | W59: 未能从表格解析分期明细，本行为整篇公告级别的合并记录
A60: 2019年云南省政府一般债券（一至四期）信息披露文件 | B60: 43486 | C60: 云南省 | D60: 一般新增债券 | J60: 255 | K60: 43493 | L60: 招标日 | M60: 43494 | O60: =IF(OR(K60="",B60=""),"",K60-B60) | P60: =IF(OR(K60="",B60=""),"",NETWORKDAYS(B60+1,K60,法定节假日辅助表!$A$2:$A$142)+COUNTIFS(法定节假日辅助表!$B$2:$B$52,">="&(B60+1),法定节假日辅助表!$B$2:$B$52,"<="&K60)) | Q60: 云财库〔2019〕7 号 | S60: announcement | T60: fxqgg | U60: text | V60: https://www.celma.org.cn/fxqgg/43632.jhtml | W60: 未能从表格解析分期明细，本行为整篇公告级别的合并记录
A61: 2019年云南省棚户区改造专项债券（一期）—2019年云南省政府专项债券（二期）信息披露文件 | B61: 43486 | C61: 云南省 | D61: 专项新增债券 | J61: 41 | K61: 43493 | L61: 招标日 | M61: 43494 | O61: =IF(OR(K61="",B61=""),"",K61-B61) | P61: =IF(OR(K61="",B61=""),"",NETWORKDAYS(B61+1,K61,法定节假日辅助表!$A$2:$A$142)+COUNTIFS(法定节假日辅助表!$B$2:$B$52,">="&(B61+1),法定节假日辅助表!$B$2:$B$52,"<="&K61)) | Q61: 云财库〔2019〕9 号 | S61: announcement | T61: fxqgg | U61: text | V61: https://www.celma.org.cn/fxqgg/39440.jhtml | W61: 未能从表格解析分期明细，本行为整篇公告级别的合并记录
A62: 2019年贵州省政府一般债券（一期）信息披露文件 | B62: 43486 | C62: 贵州省 | D62: 一般新增债券 | J62: 51 | O62: =IF(OR(K62="",B62=""),"",K62-B62) | P62: =IF(OR(K62="",B62=""),"",NETWORKDAYS(B62+1,K62,法定节假日辅助表!$A$2:$A$142)+COUNTIFS(法定节假日辅助表!$B$2:$B$52,">="&(B62+1),法定节假日辅助表!$B$2:$B$52,"<="&K62)) | S62: announcement | T62: fxqgg | U62: ocr | V62: https://www.celma.org.cn/fxqgg/37512.jhtml | W62: 未能从表格解析分期明细，本行为整篇公告级别的合并记录; 未找到招标日期; 本行来自OCR识别，数值型字段准确性需人工核对
A63: 2019年新疆维吾尔自治区政府一般债券（一期）招投标书 | B63: 43486 | C63: 新疆维吾尔自治区 | D63: 一般新增债券 | O63: =IF(OR(K63="",B63=""),"",K63-B63) | P63: =IF(OR(K63="",B63=""),"",NETWORKDAYS(B63+1,K63,法定节假日辅助表!$A$2:$A$142)+COUNTIFS(法定节假日辅助表!$B$2:$B$52,">="&(B63+1),法定节假日辅助表!$B$2:$B$52,"<="&K63)) | S63: announcement | T63: fxqgg | U63: text | V63: https://www.celma.org.cn/fxqgg/43633.jhtml | W63: 未能从表格解析分期明细，本行为整篇公告级别的合并记录; 未找到招标日期
A64: 2019年四川省政府第一批土地储备专项债券信息披露 | B64: 43487 | C64: 四川省 | D64: 专项新增债券 | G64: 1 | J64: 52.12 | K64: 43494 | L64: 招标日 | M64: 43495 | O64: =IF(OR(K64="",B64=""),"",K64-B64) | P64: =IF(OR(K64="",B64=""),"",NETWORKDAYS(B64+1,K64,法定节假日辅助表!$A$2:$A$142)+COUNTIFS(法定节假日辅助表!$B$2:$B$52,">="&(B64+1),法定节假日辅助表!$B$2:$B$52,"<="&K64)) | Q64: 川财库〔2019〕106 号 | S64: announcement | T64: fxqgg | U64: text | V64: https://www.celma.org.cn/fxqgg/43003.jhtml | W64: 未能从表格解析分期明细，本行为整篇公告级别的合并记录
A65: 2019年四川省成都天府空港新城地下综合管廊建设专项债券（一期）-2019年四川省政府专项债券（十三期）信息披露 | B65: 43487 | C65: 四川省 | D65: 专项新增债券 | J65: 8 | K65: 43494 | L65: 招标日 | M65: 43495 | O65: =IF(OR(K65="",B65=""),"",K65-B65) | P65: =IF(OR(K65="",B65=""),"",NETWORKDAYS(B65+1,K65,法定节假日辅助表!$A$2:$A$142)+COUNTIFS(法定节假日辅助表!$B$2:$B$52,">="&(B65+1),法定节假日辅助表!$B$2:$B$52,"<="&K65)) | Q65: 川财库〔2019〕115 号 | S65: announcement | T65: fxqgg | U65: text | V65: https://www.celma.org.cn/fxqgg/43254.jhtml | W65: 未能从表格解析分期明细，本行为整篇公告级别的合并记录
A66: 2019年河南省政府一般债券（一期）招投标书 | B66: 43487 | C66: 河南省 | D66: 一般新增债券 | O66: =IF(OR(K66="",B66=""),"",K66-B66) | P66: =IF(OR(K66="",B66=""),"",NETWORKDAYS(B66+1,K66,法定节假日辅助表!$A$2:$A$142)+COUNTIFS(法定节假日辅助表!$B$2:$B$52,">="&(B66+1),法定节假日辅助表!$B$2:$B$52,"<="&K66)) | S66: announcement | T66: fxqgg | U66: ocr | V66: https://www.celma.org.cn/fxqgg/41394.jhtml | W66: 未能从表格解析分期明细，本行为整篇公告级别的合并记录; 未找到招标日期; 本行来自OCR识别，数值型字段准确性需人工核对
A67: 2019年四川省成都市锦江绿道专项债券（一期）-2019年四川省政府专项债券（十二期）信息披露 | B67: 43487 | C67: 四川省 | D67: 专项新增债券 | J67: 4 | K67: 43494 | L67: 招标日 | M67: 43495 | O67: =IF(OR(K67="",B67=""),"",K67-B67) | P67: =IF(OR(K67="",B67=""),"",NETWORKDAYS(B67+1,K67,法定节假日辅助表!$A$2:$A$142)+COUNTIFS(法定节假日辅助表!$B$2:$B$52,">="&(B67+1),法定节假日辅助表!$B$2:$B$52,"<="&K67)) | Q67: 川财库〔2019〕114 号 | S67: announcement | T67: fxqgg | U67: text | V67: https://www.celma.org.cn/fxqgg/43754.jhtml | W67: 未能从表格解析分期明细，本行为整篇公告级别的合并记录
A68: 2019年河南省政府专项债券（一至六期）招投标书 | B68: 43487 | C68: 河南省 | D68: 专项新增债券 | O68: =IF(OR(K68="",B68=""),"",K68-B68) | P68: =IF(OR(K68="",B68=""),"",NETWORKDAYS(B68+1,K68,法定节假日辅助表!$A$2:$A$142)+COUNTIFS(法定节假日辅助表!$B$2:$B$52,">="&(B68+1),法定节假日辅助表!$B$2:$B$52,"<="&K68)) | S68: announcement | T68: fxqgg | U68: ocr | V68: https://www.celma.org.cn/fxqgg/43263.jhtml | W68: 未能从表格解析分期明细，本行为整篇公告级别的合并记录; 未找到招标日期; 本行来自OCR识别，数值型字段准确性需人工核对
A69: 2019年江西省政府专项债券（一期）信息披露文件 | B69: 43487 | C69: 江西省 | D69: 专项新增债券 | M69: 43495 | O69: =IF(OR(K69="",B69=""),"",K69-B69) | P69: =IF(OR(K69="",B69=""),"",NETWORKDAYS(B69+1,K69,法定节假日辅助表!$A$2:$A$142)+COUNTIFS(法定节假日辅助表!$B$2:$B$52,">="&(B69+1),法定节假日辅助表!$B$2:$B$52,"<="&K69)) | S69: announcement | T69: fxqgg | U69: ocr | V69: https://www.celma.org.cn/fxqgg/43757.jhtml | W69: 未能从表格解析分期明细，本行为整篇公告级别的合并记录; 未找到招标日期; 本行来自OCR识别，数值型字段准确性需人工核对
A70: 2019年深圳市政府一般债券（一期）信息披露文件 | B70: 43487 | C70: 深圳市 | D70: 一般新增债券 | J70: 9 | M70: 43496 | O70: =IF(OR(K70="",B70=""),"",K70-B70) | P70: =IF(OR(K70="",B70=""),"",NETWORKDAYS(B70+1,K70,法定节假日辅助表!$A$2:$A$142)+COUNTIFS(法定节假日辅助表!$B$2:$B$52,">="&(B70+1),法定节假日辅助表!$B$2:$B$52,"<="&K70)) | S70: announcement | T70: fxqgg | U70: ocr | V70: https://www.celma.org.cn/fxqgg/43260.jhtml | W70: 未能从表格解析分期明细，本行为整篇公告级别的合并记录; 未找到招标日期; 本行来自OCR识别，数值型字段准确性需人工核对
A71: 2019年湖北省政府（武汉市）轨道交通专项债券（一期）--2019年湖北省政府专项债券（一期）信息披露 | B71: 43487 | C71: 湖北省 | D71: 专项新增债券 | K71: 43494 | L71: 招标日 | M71: 43495 | O71: =IF(OR(K71="",B71=""),"",K71-B71) | P71: =IF(OR(K71="",B71=""),"",NETWORKDAYS(B71+1,K71,法定节假日辅助表!$A$2:$A$142)+COUNTIFS(法定节假日辅助表!$B$2:$B$52,">="&(B71+1),法定节假日辅助表!$B$2:$B$52,"<="&K71)) | S71: announcement | T71: fxqgg | U71: ocr | V71: https://www.celma.org.cn/fxqgg/43758.jhtml | W71: 未能从表格解析分期明细，本行为整篇公告级别的合并记录; 本行来自OCR识别，数值型字段准确性需人工核对
A72: 2019年江西省政府一般债券（一至四期）信息披露文件 | B72: 43487 | C72: 江西省 | D72: 一般新增债券 | O72: =IF(OR(K72="",B72=""),"",K72-B72) | P72: =IF(OR(K72="",B72=""),"",NETWORKDAYS(B72+1,K72,法定节假日辅助表!$A$2:$A$142)+COUNTIFS(法定节假日辅助表!$B$2:$B$52,">="&(B72+1),法定节假日辅助表!$B$2:$B$52,"<="&K72)) | S72: announcement | T72: fxqgg | U72: ocr | V72: https://www.celma.org.cn/fxqgg/37510.jhtml | W72: 未能从表格解析分期明细，本行为整篇公告级别的合并记录; 未找到招标日期; 本行来自OCR识别，数值型字段准确性需人工核对
A73: 2019年四川省泸县乡村振兴专项债券（一期）-2019年四川省政府专项债券（十四期）信息披露 | B73: 43487 | C73: 四川省 | D73: 专项新增债券 | J73: 3 | K73: 43494 | L73: 招标日 | M73: 43495 | O73: =IF(OR(K73="",B73=""),"",K73-B73) | P73: =IF(OR(K73="",B73=""),"",NETWORKDAYS(B73+1,K73,法定节假日辅助表!$A$2:$A$142)+COUNTIFS(法定节假日辅助表!$B$2:$B$52,">="&(B73+1),法定节假日辅助表!$B$2:$B$52,"<="&K73)) | Q73: 川财库〔2019〕116 号 | S73: announcement | T73: fxqgg | U73: text | V73: https://www.celma.org.cn/fxqgg/41386.jhtml | W73: 未能从表格解析分期明细，本行为整篇公告级别的合并记录
A74: 2019年四川省泸县乡村振兴专项债券（一期）-2019年四川省政府专项债券（十四期）信息披露 | B74: 43487 | C74: 四川省 | D74: 专项新增债券 | J74: 3 | K74: 43494 | L74: 招标日 | M74: 43495 | O74: =IF(OR(K74="",B74=""),"",K74-B74) | P74: =IF(OR(K74="",B74=""),"",NETWORKDAYS(B74+1,K74,法定节假日辅助表!$A$2:$A$142)+COUNTIFS(法定节假日辅助表!$B$2:$B$52,">="&(B74+1),法定节假日辅助表!$B$2:$B$52,"<="&K74)) | Q74: 川财库〔2019〕116 号 | S74: announcement | T74: fxqgg | U74: text | V74: https://www.celma.org.cn/fxqgg/43005.jhtml | W74: 未能从表格解析分期明细，本行为整篇公告级别的合并记录
A75: 2019年四川省绵阳市游仙经济开发区（含科技城游仙军民融合产业园）专项债券（一期）-2019年四川省政府专项债券（十六期）信息披露 | B75: 43487 | C75: 四川省 | D75: 专项新增债券 | J75: 3 | K75: 43494 | L75: 招标日 | M75: 43495 | O75: =IF(OR(K75="",B75=""),"",K75-B75) | P75: =IF(OR(K75="",B75=""),"",NETWORKDAYS(B75+1,K75,法定节假日辅助表!$A$2:$A$142)+COUNTIFS(法定节假日辅助表!$B$2:$B$52,">="&(B75+1),法定节假日辅助表!$B$2:$B$52,"<="&K75)) | Q75: 川财库〔2019〕118 号 | S75: announcement | T75: fxqgg | U75: text | V75: https://www.celma.org.cn/fxqgg/41385.jhtml | W75: 未能从表格解析分期明细，本行为整篇公告级别的合并记录
A76: 2019年四川省政府第一批土地储备专项债券信息披露 | B76: 43487 | C76: 四川省 | D76: 专项新增债券 | G76: 1 | J76: 52.12 | K76: 43494 | L76: 招标日 | M76: 43495 | O76: =IF(OR(K76="",B76=""),"",K76-B76) | P76: =IF(OR(K76="",B76=""),"",NETWORKDAYS(B76+1,K76,法定节假日辅助表!$A$2:$A$142)+COUNTIFS(法定节假日辅助表!$B$2:$B$52,">="&(B76+1),法定节假日辅助表!$B$2:$B$52,"<="&K76)) | Q76: 川财库〔2019〕106 号 | S76: announcement | T76: fxqgg | U76: text | V76: https://www.celma.org.cn/fxqgg/43627.jhtml | W76: 未能从表格解析分期明细，本行为整篇公告级别的合并记录
A77: 2019年四川省医疗养老专项债券（一期）-2019年四川省政府专项债券（九期）信息披露 | B77: 43487 | C77: 四川省 | D77: 专项新增债券 | J77: 0.9 | K77: 43494 | L77: 招标日 | M77: 43495 | O77: =IF(OR(K77="",B77=""),"",K77-B77) | P77: =IF(OR(K77="",B77=""),"",NETWORKDAYS(B77+1,K77,法定节假日辅助表!$A$2:$A$142)+COUNTIFS(法定节假日辅助表!$B$2:$B$52,">="&(B77+1),法定节假日辅助表!$B$2:$B$52,"<="&K77)) | Q77: 川财库〔2019〕111 号 | S77: announcement | T77: fxqgg | U77: text | V77: https://www.celma.org.cn/fxqgg/41393.jhtml | W77: 未能从表格解析分期明细，本行为整篇公告级别的合并记录
A78: 2019年四川省宣汉县巴山大峡谷旅游扶贫开发建设专项债券（一期）-2019年四川省政府专项债券（十七期）信息披露 | B78: 43487 | C78: 四川省 | D78: 专项新增债券 | J78: 1.1 | K78: 43494 | L78: 招标日 | M78: 43495 | O78: =IF(OR(K78="",B78=""),"",K78-B78) | P78: =IF(OR(K78="",B78=""),"",NETWORKDAYS(B78+1,K78,法定节假日辅助表!$A$2:$A$142)+COUNTIFS(法定节假日辅助表!$B$2:$B$52,">="&(B78+1),法定节假日辅助表!$B$2:$B$52,"<="&K78)) | Q78: 川财库〔2019〕119 号 | S78: announcement | T78: fxqgg | U78: text | V78: https://www.celma.org.cn/fxqgg/43756.jhtml | W78: 未能从表格解析分期明细，本行为整篇公告级别的合并记录
A79: 2019年四川省城乡基础设施建设专项债券（一期）-2019年四川省政府专项债券（十期）信息披露 | B79: 43487 | C79: 四川省 | D79: 专项新增债券 | J79: 1.15 | K79: 43494 | L79: 招标日 | M79: 43495 | O79: =IF(OR(K79="",B79=""),"",K79-B79) | P79: =IF(OR(K79="",B79=""),"",NETWORKDAYS(B79+1,K79,法定节假日辅助表!$A$2:$A$142)+COUNTIFS(法定节假日辅助表!$B$2:$B$52,">="&(B79+1),法定节假日辅助表!$B$2:$B$52,"<="&K79)) | Q79: 川财库〔2019〕112 号 | S79: announcement | T79: fxqgg | U79: text | V79: https://www.celma.org.cn/fxqgg/41392.jhtml | W79: 未能从表格解析分期明细，本行为整篇公告级别的合并记录
A80: 2019年四川省工业园区建设专项债券（一期）-2019年四川省政府专项债券（八期）信息披露 | B80: 43487 | C80: 四川省 | D80: 专项新增债券 | M80: 43495 | O80: =IF(OR(K80="",B80=""),"",K80-B80) | P80: =IF(OR(K80="",B80=""),"",NETWORKDAYS(B80+1,K80,法定节假日辅助表!$A$2:$A$142)+COUNTIFS(法定节假日辅助表!$B$2:$B$52,">="&(B80+1),法定节假日辅助表!$B$2:$B$52,"<="&K80)) | S80: announcement | T80: fxqgg | U80: ocr | V80: https://www.celma.org.cn/fxqgg/38473.jhtml | W80: 未能从表格解析分期明细，本行为整篇公告级别的合并记录; 未找到招标日期; 本行来自OCR识别，数值型字段准确性需人工核对
A81: 2019年四川省绵阳市游仙经济开发区（含科技城游仙军民融合产业园）专项债券（一期）-2019年四川省政府专项债券（十六期）信息披露 | B81: 43487 | C81: 四川省 | D81: 专项新增债券 | J81: 3 | K81: 43494 | L81: 招标日 | M81: 43495 | O81: =IF(OR(K81="",B81=""),"",K81-B81) | P81: =IF(OR(K81="",B81=""),"",NETWORKDAYS(B81+1,K81,法定节假日辅助表!$A$2:$A$142)+COUNTIFS(法定节假日辅助表!$B$2:$B$52,">="&(B81+1),法定节假日辅助表!$B$2:$B$52,"<="&K81)) | Q81: 川财库〔2019〕118 号 | S81: announcement | T81: fxqgg | U81: text | V81: https://www.celma.org.cn/fxqgg/43004.jhtml | W81: 未能从表格解析分期明细，本行为整篇公告级别的合并记录
A82: 2019年四川省眉山市东坡区乡村振兴示范项目专项债券（一期）-2019年四川省政府专项债券（十五期）信息披露 | B82: 43487 | C82: 四川省 | D82: 专项新增债券 | J82: 0.4 | K82: 43494 | L82: 招标日 | M82: 43495 | O82: =IF(OR(K82="",B82=""),"",K82-B82) | P82: =IF(OR(K82="",B82=""),"",NETWORKDAYS(B82+1,K82,法定节假日辅助表!$A$2:$A$142)+COUNTIFS(法定节假日辅助表!$B$2:$B$52,">="&(B82+1),法定节假日辅助表!$B$2:$B$52,"<="&K82)) | Q82: 川财库〔2019〕117 号 | S82: announcement | T82: fxqgg | U82: text | V82: https://www.celma.org.cn/fxqgg/44894.jhtml | W82: 未能从表格解析分期明细，本行为整篇公告级别的合并记录
A83: 2019年四川省收费公路专项债券（一期）-2019年四川省政府专项债券（五期）信息披露 | B83: 43487 | C83: 四川省 | D83: 专项新增债券 | J83: 1.05 | K83: 43494 | L83: 招标日 | M83: 43495 | O83: =IF(OR(K83="",B83=""),"",K83-B83) | P83: =IF(OR(K83="",B83=""),"",NETWORKDAYS(B83+1,K83,法定节假日辅助表!$A$2:$A$142)+COUNTIFS(法定节假日辅助表!$B$2:$B$52,">="&(B83+1),法定节假日辅助表!$B$2:$B$52,"<="&K83)) | Q83: 川财库〔2019〕108 号 | S83: announcement | T83: fxqgg | U83: text | V83: https://www.celma.org.cn/fxqgg/43258.jhtml | W83: 未能从表格解析分期明细，本行为整篇公告级别的合并记录
A84: 2019年四川省政府第一批棚户区改造专项债券信息披露 | B84: 43487 | C84: 四川省 | D84: 专项新增债券 | G84: 1 | J84: 21.55 | K84: 43494 | L84: 招标日 | M84: 43495 | O84: =IF(OR(K84="",B84=""),"",K84-B84) | P84: =IF(OR(K84="",B84=""),"",NETWORKDAYS(B84+1,K84,法定节假日辅助表!$A$2:$A$142)+COUNTIFS(法定节假日辅助表!$B$2:$B$52,">="&(B84+1),法定节假日辅助表!$B$2:$B$52,"<="&K84)) | Q84: 川财库〔2019〕107 号 | S84: announcement | T84: fxqgg | U84: text | V84: https://www.celma.org.cn/fxqgg/43256.jhtml | W84: 未能从表格解析分期明细，本行为整篇公告级别的合并记录
A85: 2019年湖北省政府一般债券（一期）信息披露 | B85: 43487 | C85: 湖北省 | D85: 一般新增债券 | K85: 43494 | L85: 招标日 | M85: 43495 | O85: =IF(OR(K85="",B85=""),"",K85-B85) | P85: =IF(OR(K85="",B85=""),"",NETWORKDAYS(B85+1,K85,法定节假日辅助表!$A$2:$A$142)+COUNTIFS(法定节假日辅助表!$B$2:$B$52,">="&(B85+1),法定节假日辅助表!$B$2:$B$52,"<="&K85)) | S85: announcement | T85: fxqgg | U85: ocr | V85: https://www.celma.org.cn/fxqgg/38475.jhtml | W85: 未能从表格解析分期明细，本行为整篇公告级别的合并记录; 本行来自OCR识别，数值型字段准确性需人工核对
A86: 2019年四川省政府第一批水务建设专项债券信息披露 | B86: 43487 | C86: 四川省 | D86: 专项新增债券 | G86: 1 | J86: 5.85 | K86: 43494 | L86: 招标日 | M86: 43495 | O86: =IF(OR(K86="",B86=""),"",K86-B86) | P86: =IF(OR(K86="",B86=""),"",NETWORKDAYS(B86+1,K86,法定节假日辅助表!$A$2:$A$142)+COUNTIFS(法定节假日辅助表!$B$2:$B$52,">="&(B86+1),法定节假日辅助表!$B$2:$B$52,"<="&K86)) | Q86: 川财库〔2019〕109 号 | S86: announcement | T86: fxqgg | U86: text | V86: https://www.celma.org.cn/fxqgg/43257.jhtml | W86: 未能从表格解析分期明细，本行为整篇公告级别的合并记录
A87: 2019年四川省政府第一批棚户区改造专项债券信息披露 | B87: 43487 | C87: 四川省 | D87: 专项新增债券 | G87: 1 | J87: 21.55 | K87: 43494 | L87: 招标日 | M87: 43495 | O87: =IF(OR(K87="",B87=""),"",K87-B87) | P87: =IF(OR(K87="",B87=""),"",NETWORKDAYS(B87+1,K87,法定节假日辅助表!$A$2:$A$142)+COUNTIFS(法定节假日辅助表!$B$2:$B$52,">="&(B87+1),法定节假日辅助表!$B$2:$B$52,"<="&K87)) | Q87: 川财库〔2019〕107 号 | S87: announcement | T87: fxqgg | U87: text | V87: https://www.celma.org.cn/fxqgg/41101.jhtml | W87: 未能从表格解析分期明细，本行为整篇公告级别的合并记录
A88: 2019年四川省学校建设专项债券（一期）-2019年四川省政府专项债券（十一期）信息披露 | B88: 43487 | C88: 四川省 | D88: 专项新增债券 | J88: 0.6 | K88: 43494 | L88: 招标日 | M88: 43495 | O88: =IF(OR(K88="",B88=""),"",K88-B88) | P88: =IF(OR(K88="",B88=""),"",NETWORKDAYS(B88+1,K88,法定节假日辅助表!$A$2:$A$142)+COUNTIFS(法定节假日辅助表!$B$2:$B$52,">="&(B88+1),法定节假日辅助表!$B$2:$B$52,"<="&K88)) | Q88: 川财库〔2019〕113 号 | S88: announcement | T88: fxqgg | U88: text | V88: https://www.celma.org.cn/fxqgg/43255.jhtml | W88: 未能从表格解析分期明细，本行为整篇公告级别的合并记录
A89: 2019年甘肃省本级收费公路专项债券（一期）发行信息披露文件 | B89: 43488 | C89: 甘肃省 | D89: 专项新增债券 | K89: 43495 | L89: 招标日 | O89: =IF(OR(K89="",B89=""),"",K89-B89) | P89: =IF(OR(K89="",B89=""),"",NETWORKDAYS(B89+1,K89,法定节假日辅助表!$A$2:$A$142)+COUNTIFS(法定节假日辅助表!$B$2:$B$52,">="&(B89+1),法定节假日辅助表!$B$2:$B$52,"<="&K89)) | S89: announcement | T89: fxqgg | U89: ocr | V89: https://www.celma.org.cn/fxqgg/38469.jhtml | W89: 未能从表格解析分期明细，本行为整篇公告级别的合并记录; 本行来自OCR识别，数值型字段准确性需人工核对
A90: 2019年甘肃省政府一般债券（一期）发行信息披露文件 | B90: 43488 | C90: 甘肃省 | D90: 一般新增债券 | K90: 43495 | L90: 招标日 | O90: =IF(OR(K90="",B90=""),"",K90-B90) | P90: =IF(OR(K90="",B90=""),"",NETWORKDAYS(B90+1,K90,法定节假日辅助表!$A$2:$A$142)+COUNTIFS(法定节假日辅助表!$B$2:$B$52,">="&(B90+1),法定节假日辅助表!$B$2:$B$52,"<="&K90)) | S90: announcement | T90: fxqgg | U90: ocr | V90: https://www.celma.org.cn/fxqgg/43625.jhtml | W90: 未能从表格解析分期明细，本行为整篇公告级别的合并记录; 本行来自OCR识别，数值型字段准确性需人工核对
A91: 2019年江苏省政府一般债券（一期）信息披露文件 | B91: 43488 | C91: 江苏省 | D91: 一般新增债券 | K91: 43496 | L91: 招标日 | O91: =IF(OR(K91="",B91=""),"",K91-B91) | P91: =IF(OR(K91="",B91=""),"",NETWORKDAYS(B91+1,K91,法定节假日辅助表!$A$2:$A$142)+COUNTIFS(法定节假日辅助表!$B$2:$B$52,">="&(B91+1),法定节假日辅助表!$B$2:$B$52,"<="&K91)) | S91: announcement | T91: fxqgg | U91: ocr | V91: https://www.celma.org.cn/fxqgg/37507.jhtml | W91: 未能从表格解析分期明细，本行为整篇公告级别的合并记录; 本行来自OCR识别，数值型字段准确性需人工核对
A92: 2019年新疆维吾尔自治区（新疆生产建设兵团）债券招投标书 | B92: 43488 | C92: 新疆维吾尔自治区 | O92: =IF(OR(K92="",B92=""),"",K92-B92) | P92: =IF(OR(K92="",B92=""),"",NETWORKDAYS(B92+1,K92,法定节假日辅助表!$A$2:$A$142)+COUNTIFS(法定节假日辅助表!$B$2:$B$52,">="&(B92+1),法定节假日辅助表!$B$2:$B$52,"<="&K92)) | Q92: 财库〔2015〕64 号 | S92: announcement | T92: fxqgg | U92: text | V92: https://www.celma.org.cn/fxqgg/40168.jhtml | W92: 未能从表格解析分期明细，本行为整篇公告级别的合并记录; 标题含多品种或无法识别品种，请查看PDF人工拆分; 未找到招标日期
A93: 2019年第一批厦门市政府一般债券信息披露文件 | B93: 43488 | C93: 厦门市 | D93: 一般新增债券 | G93: 1 | J93: 29 | O93: =IF(OR(K93="",B93=""),"",K93-B93) | P93: =IF(OR(K93="",B93=""),"",NETWORKDAYS(B93+1,K93,法定节假日辅助表!$A$2:$A$142)+COUNTIFS(法定节假日辅助表!$B$2:$B$52,">="&(B93+1),法定节假日辅助表!$B$2:$B$52,"<="&K93)) | S93: announcement | T93: fxqgg | U93: ocr | V93: https://www.celma.org.cn/fxqgg/41103.jhtml | W93: 未能从表格解析分期明细，本行为整篇公告级别的合并记录; 未找到招标日期; 本行来自OCR识别，数值型字段准确性需人工核对
A94: 2019年第一批陕西省政府一般债券（一期）发行信息披露文件 | B94: 43488 | C94: 陕西省 | D94: 一般新增债券 | G94: 1 | J94: 35 | O94: =IF(OR(K94="",B94=""),"",K94-B94) | P94: =IF(OR(K94="",B94=""),"",NETWORKDAYS(B94+1,K94,法定节假日辅助表!$A$2:$A$142)+COUNTIFS(法定节假日辅助表!$B$2:$B$52,">="&(B94+1),法定节假日辅助表!$B$2:$B$52,"<="&K94)) | S94: announcement | T94: fxqgg | U94: ocr | V94: https://www.celma.org.cn/fxqgg/38470.jhtml | W94: 未能从表格解析分期明细，本行为整篇公告级别的合并记录; 未找到招标日期; 本行来自OCR识别，数值型字段准确性需人工核对
A95: 2019年安徽省政府一般债券（一期）信息披露文件 | B95: 43488 | C95: 安徽省 | D95: 一般新增债券 | M95: 43496 | O95: =IF(OR(K95="",B95=""),"",K95-B95) | P95: =IF(OR(K95="",B95=""),"",NETWORKDAYS(B95+1,K95,法定节假日辅助表!$A$2:$A$142)+COUNTIFS(法定节假日辅助表!$B$2:$B$52,">="&(B95+1),法定节假日辅助表!$B$2:$B$52,"<="&K95)) | S95: announcement | T95: fxqgg | U95: ocr | V95: https://www.celma.org.cn/fxqgg/44895.jhtml | W95: 未能从表格解析分期明细，本行为整篇公告级别的合并记录; 未找到招标日期; 本行来自OCR识别，数值型字段准确性需人工核对
A96: 2019年第一批陕西省政府一般债券（一期）发行信息披露文件 | B96: 43488 | C96: 陕西省 | D96: 一般新增债券 | G96: 1 | J96: 35 | O96: =IF(OR(K96="",B96=""),"",K96-B96) | P96: =IF(OR(K96="",B96=""),"",NETWORKDAYS(B96+1,K96,法定节假日辅助表!$A$2:$A$142)+COUNTIFS(法定节假日辅助表!$B$2:$B$52,">="&(B96+1),法定节假日辅助表!$B$2:$B$52,"<="&K96)) | S96: announcement | T96: fxqgg | U96: ocr | V96: https://www.celma.org.cn/fxqgg/39079.jhtml | W96: 未能从表格解析分期明细，本行为整篇公告级别的合并记录; 未找到招标日期; 本行来自OCR识别，数值型字段准确性需人工核对
A97: 2019年广东省水资源专项债券和土地储备专项债券发行文件 | B97: 43489 | C97: 广东省 | D97: 专项新增债券 | F97: 10Y | H97: 1 | J97: 26 | K97: 43496 | L97: 招标日 | M97: 43497 | O97: =IF(OR(K97="",B97=""),"",K97-B97) | P97: =IF(OR(K97="",B97=""),"",NETWORKDAYS(B97+1,K97,法定节假日辅助表!$A$2:$A$142)+COUNTIFS(法定节假日辅助表!$B$2:$B$52,">="&(B97+1),法定节假日辅助表!$B$2:$B$52,"<="&K97)) | Q97: 粤财金〔2019〕8 号 | R97: 2019年广东省（本级）珠江三角洲水资源配置工程专项债券（一期）--2019年广东省政府专项债券（一期） | S97: announcement | T97: fxqgg | U97: text | V97: https://www.celma.org.cn/fxqgg/43637.jhtml
A98: 2019年广东省水资源专项债券和土地储备专项债券发行文件 | B98: 43489 | C98: 广东省 | D98: 专项新增债券 | F98: 7Y | H98: 1 | J98: 46.5 | K98: 43496 | L98: 招标日 | M98: 43497 | O98: =IF(OR(K98="",B98=""),"",K98-B98) | P98: =IF(OR(K98="",B98=""),"",NETWORKDAYS(B98+1,K98,法定节假日辅助表!$A$2:$A$142)+COUNTIFS(法定节假日辅助表!$B$2:$B$52,">="&(B98+1),法定节假日辅助表!$B$2:$B$52,"<="&K98)) | Q98: 粤财金〔2019〕8 号 | R98: 2019年广东省土地储备专项债券（一期）--2019年广东省政府专项债券（二期） | S98: announcement | T98: fxqgg | U98: text | V98: https://www.celma.org.cn/fxqgg/43637.jhtml
A99: 2019年第一批福建省政府一般债券招投标书 | B99: 43489 | C99: 福建省 | D99: 一般新增债券 | G99: 1 | O99: =IF(OR(K99="",B99=""),"",K99-B99) | P99: =IF(OR(K99="",B99=""),"",NETWORKDAYS(B99+1,K99,法定节假日辅助表!$A$2:$A$142)+COUNTIFS(法定节假日辅助表!$B$2:$B$52,">="&(B99+1),法定节假日辅助表!$B$2:$B$52,"<="&K99)) | S99: announcement | T99: fxqgg | U99: ocr | V99: https://www.celma.org.cn/fxqgg/38467.jhtml | W99: 未能从表格解析分期明细，本行为整篇公告级别的合并记录; 未找到招标日期; 本行来自OCR识别，数值型字段准确性需人工核对
A100: 2019年北京市政府一般债券信息披露文件 | B100: 43489 | C100: 北京市 | D100: 一般新增债券 | O100: =IF(OR(K100="",B100=""),"",K100-B100) | P100: =IF(OR(K100="",B100=""),"",NETWORKDAYS(B100+1,K100,法定节假日辅助表!$A$2:$A$142)+COUNTIFS(法定节假日辅助表!$B$2:$B$52,">="&(B100+1),法定节假日辅助表!$B$2:$B$52,"<="&K100)) | S100: announcement | T100: fxqgg | U100: ocr | V100: https://www.celma.org.cn/fxqgg/37505.jhtml | W100: 未能从表格解析分期明细，本行为整篇公告级别的合并记录; 未找到招标日期; 本行来自OCR识别，数值型字段准确性需人工核对
A101: 2019年浙江省土地储备专项债券（一期）--2019年浙江省政府专项债券（一期）信息披露文件 | B101: 43489 | C101: 浙江省 | D101: 专项新增债券 | O101: =IF(OR(K101="",B101=""),"",K101-B101) | P101: =IF(OR(K101="",B101=""),"",NETWORKDAYS(B101+1,K101,法定节假日辅助表!$A$2:$A$142)+COUNTIFS(法定节假日辅助表!$B$2:$B$52,">="&(B101+1),法定节假日辅助表!$B$2:$B$52,"<="&K101)) | S101: announcement | T101: fxqgg | U101: ocr | V101: https://www.celma.org.cn/fxqgg/39436.jhtml | W101: 未能从表格解析分期明细，本行为整篇公告级别的合并记录; 未找到招标日期; 本行来自OCR识别，数值型字段准确性需人工核对
A102: 2019年山东省政府专项债券（一至四期）、一般债券（一期）招投标文件 | B102: 43489 | C102: 山东省 | D102: 专项新增债券 | O102: =IF(OR(K102="",B102=""),"",K102-B102) | P102: =IF(OR(K102="",B102=""),"",NETWORKDAYS(B102+1,K102,法定节假日辅助表!$A$2:$A$142)+COUNTIFS(法定节假日辅助表!$B$2:$B$52,">="&(B102+1),法定节假日辅助表!$B$2:$B$52,"<="&K102)) | S102: announcement | T102: fxqgg | U102: ocr | V102: https://www.celma.org.cn/fxqgg/43776.jhtml | W102: 未能从表格解析分期明细，本行为整篇公告级别的合并记录; 未找到招标日期; 本行来自OCR识别，数值型字段准确性需人工核对
A103: 2019年浙江省政府一般债券（一～二期）信息披露文件 | B103: 43489 | C103: 浙江省 | D103: 一般新增债券 | O103: =IF(OR(K103="",B103=""),"",K103-B103) | P103: =IF(OR(K103="",B103=""),"",NETWORKDAYS(B103+1,K103,法定节假日辅助表!$A$2:$A$142)+COUNTIFS(法定节假日辅助表!$B$2:$B$52,">="&(B103+1),法定节假日辅助表!$B$2:$B$52,"<="&K103)) | S103: announcement | T103: fxqgg | U103: ocr | V103: https://www.celma.org.cn/fxqgg/43253.jhtml | W103: 未能从表格解析分期明细，本行为整篇公告级别的合并记录; 未找到招标日期; 本行来自OCR识别，数值型字段准确性需人工核对
A104: 2019年海南省政府一般债券（一至二期）信息披露 | B104: 43489 | C104: 海南省 | D104: 一般新增债券 | K104: 43496 | L104: 招标日 | O104: =IF(OR(K104="",B104=""),"",K104-B104) | P104: =IF(OR(K104="",B104=""),"",NETWORKDAYS(B104+1,K104,法定节假日辅助表!$A$2:$A$142)+COUNTIFS(法定节假日辅助表!$B$2:$B$52,">="&(B104+1),法定节假日辅助表!$B$2:$B$52,"<="&K104)) | S104: announcement | T104: fxqgg | U104: ocr | V104: https://www.celma.org.cn/fxqgg/41390.jhtml | W104: 未能从表格解析分期明细，本行为整篇公告级别的合并记录; 本行来自OCR识别，数值型字段准确性需人工核对
A105: 2019年广东省政府一般债券（一期～二期）发行文件 | B105: 43489 | C105: 广东省 | D105: 一般新增债券 | F105: 10Y | H105: 2 | J105: 86.4 | K105: 43496 | L105: 招标日 | O105: =IF(OR(K105="",B105=""),"",K105-B105) | P105: =IF(OR(K105="",B105=""),"",NETWORKDAYS(B105+1,K105,法定节假日辅助表!$A$2:$A$142)+COUNTIFS(法定节假日辅助表!$B$2:$B$52,">="&(B105+1),法定节假日辅助表!$B$2:$B$52,"<="&K105)) | Q105: 粤财金〔2019〕7 号 | R105: 2019年广东省政府一般债券（二期） | S105: announcement | T105: fxqgg | U105: text | V105: https://www.celma.org.cn/fxqgg/39443.jhtml
A106: 2019年广东省政府一般债券（一期～二期）发行文件 | B106: 43489 | C106: 广东省 | D106: 一般新增债券 | F106: 5Y | H106: 1 | J106: 57.6 | K106: 43496 | L106: 招标日 | O106: =IF(OR(K106="",B106=""),"",K106-B106) | P106: =IF(OR(K106="",B106=""),"",NETWORKDAYS(B106+1,K106,法定节假日辅助表!$A$2:$A$142)+COUNTIFS(法定节假日辅助表!$B$2:$B$52,">="&(B106+1),法定节假日辅助表!$B$2:$B$52,"<="&K106)) | Q106: 粤财金〔2019〕7 号 | R106: 2019年广东省政府一般债券（一期） | S106: announcement | T106: fxqgg | U106: text | V106: https://www.celma.org.cn/fxqgg/39443.jhtml
A107: 2019年第一批天津市政府专项债券招投标书 | B107: 43490 | C107: 天津市 | D107: 专项新增债券 | G107: 1 | O107: =IF(OR(K107="",B107=""),"",K107-B107) | P107: =IF(OR(K107="",B107=""),"",NETWORKDAYS(B107+1,K107,法定节假日辅助表!$A$2:$A$142)+COUNTIFS(法定节假日辅助表!$B$2:$B$52,">="&(B107+1),法定节假日辅助表!$B$2:$B$52,"<="&K107)) | Q107: 津财库〔2018〕40 号 | S107: announcement | T107: fxqgg | U107: text | V107: https://www.celma.org.cn/fxqgg/37521.jhtml | W107: 未能从表格解析分期明细，本行为整篇公告级别的合并记录; 未找到招标日期
A108: 2019年河北省第一批公开发行政府债券招投标文件 | B108: 43490 | C108: 河北省 | G108: 1 | O108: =IF(OR(K108="",B108=""),"",K108-B108) | P108: =IF(OR(K108="",B108=""),"",NETWORKDAYS(B108+1,K108,法定节假日辅助表!$A$2:$A$142)+COUNTIFS(法定节假日辅助表!$B$2:$B$52,">="&(B108+1),法定节假日辅助表!$B$2:$B$52,"<="&K108)) | S108: announcement | T108: fxqgg | U108: ocr | V108: https://www.celma.org.cn/fxqgg/37522.jhtml | W108: 未能从表格解析分期明细，本行为整篇公告级别的合并记录; 标题含多品种或无法识别品种，请查看PDF人工拆分; 未找到招标日期; 本行来自OCR识别，数值型字段准确性需人工核对
A109: 2019年云南省政府债券专项债券（1-2期）招投标书 | B109: 43493 | C109: 云南省 | D109: 专项新增债券 | O109: =IF(OR(K109="",B109=""),"",K109-B109) | P109: =IF(OR(K109="",B109=""),"",NETWORKDAYS(B109+1,K109,法定节假日辅助表!$A$2:$A$142)+COUNTIFS(法定节假日辅助表!$B$2:$B$52,">="&(B109+1),法定节假日辅助表!$B$2:$B$52,"<="&K109)) | S109: announcement | T109: fxqgg | U109: text | V109: https://www.celma.org.cn/fxqgg/43762.jhtml | W109: 未能从表格解析分期明细，本行为整篇公告级别的合并记录; 未找到招标日期
A110: 2019年青岛市第一批地方政府债券招投标书 | B110: 43493 | C110: 青岛市 | G110: 1 | O110: =IF(OR(K110="",B110=""),"",K110-B110) | P110: =IF(OR(K110="",B110=""),"",NETWORKDAYS(B110+1,K110,法定节假日辅助表!$A$2:$A$142)+COUNTIFS(法定节假日辅助表!$B$2:$B$52,">="&(B110+1),法定节假日辅助表!$B$2:$B$52,"<="&K110)) | S110: announcement | T110: fxqgg | U110: ocr | V110: https://www.celma.org.cn/fxqgg/38483.jhtml | W110: 未能从表格解析分期明细，本行为整篇公告级别的合并记录; 标题含多品种或无法识别品种，请查看PDF人工拆分; 未找到招标日期; 本行来自OCR识别，数值型字段准确性需人工核对
...

Sheet 法定节假日辅助表
A1: 法定节假日(工作日调休为休息) | B1: 调休补班日(周末调整为工作日)
A2: 43465 | B2: 43463
A3: 43466 | B3: 43498
A4: 43500 | B4: 43499
A5: 43501 | B5: 43583
A6: 43502 | B6: 43590
A7: 43503 | B7: 43737
A8: 43504 | B8: 43750
A9: 43560 | B9: 43849
A10: 43586 | B10: 43947
A11: 43587 | B11: 43960
A12: 43588 | B12: 44010
A13: 43623 | B13: 44101
... A52: 44470 | B52: 46151
A53: 44473
A54: 44474
A55: 44475
A56: 44476
A57: 44564
A58: 44592
A59: 44593
A60: 44594
A61: 44595
A62: 44596
A63: 44655
A64: 44656
... A142: 46192
